{
  "jp": {
    "champions_meeting": {
      "racecourse": "阪神",
      "race_distance": "2400m",
      "race_distance_type": "中距離",
      "race_track": "芝・重",
      "race_direction": "右・外",
      "race_weather": "雨/昼",
      "race_season": "冬",
      "race_date": "2025年1月24日",
      "race_construction": {
        "straight": [
          "750~1250"
        ],
        "corner": [
          "380~750",
          "1250~1600"
        ],
        "final_corner": [
          "1600~1930"
        ],
        "final_straight": [
          "1930~2400"
        ],
        "up_slope": [
          "190~310",
          "2200~2320"
        ],
        "down_slope": [
          "0~130",
          "1750~2150"
        ],
        "jyoban": [
          "0~400"
        ],
        "cyuban": [
          "400~1600"
        ],
        "syuban": [
          "1600~2400"
        ]
      }
    }
  },
  "tw": {
    "champions_meeting": {
      "racecourse": "隆尚",
      "race_distance": "2400m",
      "race_distance_type": "中距離",
      "race_track": "草地．差",
      "race_direction": "順",
      "race_weather": "雨/午",
      "race_season": "秋",
      "race_construction": {
        "straight": [
          "0~1000",
          "1600~1870"
        ],
        "corner": [
          "1000~1300"
        ],
        "final_corner": [
          "1300~1600"
        ],
        "final_straight": [
          "1870~2400"
        ],
        "up_slope": [
          "400~1000"
        ],
        "down_slope": [
          "1000~1300"
        ],
        "jyoban": [
          "0~400"
        ],
        "cyuban": [
          "400~1600"
        ],
        "syuban": [
          "1600~2400"
        ]
      },
      "race_date": "2025年2月15日"
    }
  }
}