{
  "jp": {
    "champions_meeting": {
      "racecourse": "中山",
      "race_distance": "2500m",
      "race_distance_type": "長距離",
      "race_track": "芝・稍重",
      "race_direction": "右・内",
      "race_weather": "曇/昼",
      "race_season": "冬",
      "race_date": "12月下旬",
      "race_construction": {
        "直線": [
          "500~880",
          "1370~1710"
        ],
        "コーナー": [
          "100~500",
          "880~1370",
          "1710~1960"
        ],
        "最終コーナー": [
          "1960~2200"
        ],
        "最終直線": [
          "2200~2500"
        ],
        "上り坂": [
          "620~730",
          "830~1030",
          "2330~2440"
        ],
        "下り坂": [
          "1140~1540"
        ],
        "序盤": [
          "0~420"
        ],
        "中盤": [
          "420~1670"
        ],
        "終盤": [
          "1670~2500"
        ]
      }
    }
  },
  "tw": {
    "champions_meeting": {
      "racecourse": "東京",
      "race_distance": "1600m",
      "race_distance_type": "一哩",
      "race_track": "草地．極差",
      "race_direction": "逆",
      "race_weather": "雨/午",
      "race_season": "春",
      "race_construction": {
        "直線": [
          "0~570"
        ],
        "彎道": [
          "570~830"
        ],
        "最終彎道": [
          "830~1080"
        ],
        "最終直線": [
          "1080~1600"
        ],
        "上坡": [
          "320~400",
          "1150~1300"
        ],
        "下坡": [
          "450~710"
        ],
        "初期": [
          "0~270"
        ],
        "中期": [
          "270~1070"
        ],
        "後期": [
          "1070~1600"
        ]
      },
      "race_date": "10月14日"
    }
  }
}