{
  "jp": {
    "champions_meeting": {
      "racecourse": "阪神",
      "race_distance": "1600m",
      "race_distance_type": "マイル",
      "race_track": "芝・良",
      "race_direction": "右・外",
      "race_weather": "雨/昼",
      "race_season": "冬",
      "race_date": "2025年3月下旬",
      "race_construction": {
        "straight": [
          "0~450"
        ],
        "corner": [
          "450~800"
        ],
        "final_corner": [
          "800~1130"
        ],
        "final_straight": [
          "1130~1600"
        ],
        "up_slope": [
          "1400~1520"
        ],
        "down_slope": [
          "950~1350"
        ],
        "jyoban": [
          "0~270"
        ],
        "cyuban": [
          "270~1070"
        ],
        "syuban": [
          "1070~1600"
        ]
      }
    }
  },
  "tw": {
    "champions_meeting": {
      "racecourse": "中山",
      "race_distance": "2500m",
      "race_distance_type": "長距離",
      "race_track": "草地．差",
      "race_direction": "順．內",
      "race_weather": "雪/午",
      "race_season": "冬",
      "race_construction": {
        "straight": [
          "500~880",
          "1370~1710"
        ],
        "corner": [
          "100~500",
          "880~1370",
          "1710~1960"
        ],
        "final_corner": [
          "1960~2200"
        ],
        "final_straight": [
          "2200~2500"
        ],
        "up_slope": [
          "620~730",
          "830~1030",
          "2330~2440"
        ],
        "down_slope": [
          "1140~1540"
        ],
        "jyoban": [
          "0~420"
        ],
        "cyuban": [
          "420~1670"
        ],
        "syuban": [
          "1670~2500"
        ]
      },
      "race_date": "2025年4月17日"
    }
  }
}