{
  "jp": {
    "champions_meeting": {
      "racecourse": "東京",
      "race_distance": "2000m",
      "race_distance_type": "中距離",
      "race_track": "芝・良",
      "race_direction": "左",
      "race_weather": "晴れ/昼",
      "race_season": "秋",
      "race_date": "10月下旬",
      "race_construction": {
        "直線": [
          "400~970"
        ],
        "コーナー": [
          "200~400",
          "970~1230"
        ],
        "最終コーナー": [
          "1230~1480"
        ],
        "最終直線": [
          "1480~2000"
        ],
        "上り坂": [
          "720~800",
          "1550~1700"
        ],
        "下り坂": [
          "860~1110"
        ],
        "序盤": [
          "0~330"
        ],
        "中盤": [
          "330~1330"
        ],
        "終盤": [
          "1330~2000"
        ]
      }
    }
  },
  "tw": {
    "champions_meeting": {
      "racecourse": "東京",
      "race_distance": "1600m",
      "race_distance_type": "一哩",
      "race_track": "草地．極差",
      "race_direction": "逆",
      "race_weather": "雨/午",
      "race_season": "春",
      "race_construction": {
        "直線": [
          "0~570"
        ],
        "彎道": [
          "570~830"
        ],
        "最終彎道": [
          "830~1080"
        ],
        "最終直線": [
          "1080~1600"
        ],
        "上坡": [
          "320~400",
          "1150~1300"
        ],
        "下坡": [
          "450~710"
        ],
        "初期": [
          "0~270"
        ],
        "中期": [
          "270~1070"
        ],
        "後期": [
          "1070~1600"
        ]
      },
      "race_date": "10月14日"
    }
  }
}