{
  "jp": {
    "champions_meeting": {
      "racecourse": "阪神",
      "race_distance": "2400m",
      "race_distance_type": "中距離",
      "race_track": "芝・重",
      "race_direction": "右・外",
      "race_weather": "雨/昼",
      "race_season": "冬",
      "race_date": "1月下旬",
      "race_construction": {
        "直線": [
          "750~1250"
        ],
        "コーナー": [
          "380~750",
          "1250~1600"
        ],
        "最終コーナー": [
          "1600~1930"
        ],
        "最終直線": [
          "1930~2400"
        ],
        "上り坂": [
          "190~310",
          "2200~2320"
        ],
        "下り坂": [
          "0~130",
          "1750~2150"
        ],
        "序盤": [
          "0~400"
        ],
        "中盤": [
          "400~1600"
        ],
        "終盤": [
          "1600~2400"
        ]
      }
    }
  },
  "tw": {
    "champions_meeting": {
      "racecourse": "隆尚",
      "race_distance": "2400m",
      "race_distance_type": "中距離",
      "race_track": "草地．差",
      "race_direction": "順",
      "race_weather": "雨/午",
      "race_season": "秋",
      "race_construction": {
        "直線": [
          "0~1000",
          "1600~1870"
        ],
        "彎道": [
          "1000~1300"
        ],
        "最終彎道": [
          "1300~1600"
        ],
        "最終直線": [
          "1870~2400"
        ],
        "上坡": [
          "400~1000"
        ],
        "下坡": [
          "1000~1300"
        ],
        "初期": [
          "0~400"
        ],
        "中期": [
          "400~1600"
        ],
        "後期": [
          "1600~2400"
        ]
      },
      "race_date": "2月15日"
    }
  }
}