[{"icon": "i_184", "jp_event_owner": "マヤノトップガン（ろっきん☆MewMeow）", "tw_event_owner": null}, {"icon": "i_183", "jp_event_owner": "シーキングザパール（Be♪Wiched）", "tw_event_owner": null}, {"icon": "i_182", "jp_event_owner": "デュランダル（Chevalierfidele）", "tw_event_owner": null}, {"icon": "i_181", "jp_event_owner": "シーザリオ（FutureWeaver）", "tw_event_owner": null}, {"icon": "i_180", "jp_event_owner": "ゼンノロブロイ（InlaidStories）", "tw_event_owner": null}, {"icon": "i_179", "jp_event_owner": "ネオユニヴァース（LikeZEER）", "tw_event_owner": null}, {"icon": "i_178", "jp_event_owner": "ジェンティルドンナ（Reginadeifiori）", "tw_event_owner": null}, {"icon": "i_177", "jp_event_owner": "ホッコータルマエ（パステルマリン．ロコドル）", "tw_event_owner": null}, {"icon": "i_176", "jp_event_owner": "エイシンフラッシュ（ReinesPlätschern）", "tw_event_owner": null}, {"icon": "i_175", "jp_event_owner": "カルストンライトオ（真実一路）", "tw_event_owner": null}, {"icon": "i_174", "jp_event_owner": "ライスシャワー（YummyDreamyFairy）", "tw_event_owner": null}, {"icon": "i_173", "jp_event_owner": "ドリームジャーニー（夢路のよすが）", "tw_event_owner": null}, {"icon": "i_172", "jp_event_owner": "ジャングルポケット（王者の喊声）", "tw_event_owner": null}, {"icon": "i_171", "jp_event_owner": "スイープトウショウ（リアライズ．ルーン）", "tw_event_owner": null}, {"icon": "i_170", "jp_event_owner": "キングヘイロー（EvergreenIdentity）", "tw_event_owner": null}, {"icon": "i_169", "jp_event_owner": "ノースフライト（LookingFly！）", "tw_event_owner": null}, {"icon": "i_168", "jp_event_owner": "アグネスタキオン（ΣExperiment）", "tw_event_owner": null}, {"icon": "i_167", "jp_event_owner": "スーパークリーク（慈雨華影）", "tw_event_owner": null}, {"icon": "i_166", "jp_event_owner": "ヤエノムテキ（黒将Zen）", "tw_event_owner": null}, {"icon": "i_165", "jp_event_owner": "サウンズオブアース（リトモ．デッラ．テッラ）", "tw_event_owner": null}, {"icon": "i_164", "jp_event_owner": "ウイニングチケット（GloriousCoat）", "tw_event_owner": null}, {"icon": "i_163", "jp_event_owner": "ダイタクヘリオス（JoyfulJamboree！）", "tw_event_owner": null}, {"icon": "i_162", "jp_event_owner": "ダイイチルビー（FlowingBlue）", "tw_event_owner": null}, {"icon": "i_161", "jp_event_owner": "ラインクラフト（DreamSuccessor）", "tw_event_owner": null}, {"icon": "i_160", "jp_event_owner": "トランセンド（ZOKU-ZOKUGIZMO）", "tw_event_owner": null}, {"icon": "i_159", "jp_event_owner": "ドゥラメンテ（RedinBlack）", "tw_event_owner": null}, {"icon": "i_158", "jp_event_owner": "イクノディクタス（MantleofSteel）", "tw_event_owner": null}, {"icon": "i_157", "jp_event_owner": "ビコーペガサス（疾風ペガサス．零式）", "tw_event_owner": null}, {"icon": "i_156", "jp_event_owner": "マンハッタンカフェ（柳緑小夜）", "tw_event_owner": null}, {"icon": "i_155", "jp_event_owner": "ユキノビジン（茶の子雪ん子）", "tw_event_owner": null}, {"icon": "i_154", "jp_event_owner": "ヴィブロス（Voyageetincelant）", "tw_event_owner": null}, {"icon": "i_153", "jp_event_owner": "ナイスネイチャ（ネガイノカサネ）", "tw_event_owner": null}, {"icon": "i_152", "jp_event_owner": "キタサンブラック（結願のしまい華）", "tw_event_owner": null}, {"icon": "i_151", "jp_event_owner": "シュヴァルグラン（Granditineraire）", "tw_event_owner": null}, {"icon": "i_150", "jp_event_owner": "サトノクラウン（黒翠千里行）", "tw_event_owner": null}, {"icon": "i_149", "jp_event_owner": "メジロブライト（清らに星澄むスノーロリィタ）", "tw_event_owner": null}, {"icon": "i_148", "jp_event_owner": "メジロパーマー（赤心のトナカイさん）", "tw_event_owner": null}, {"icon": "i_147", "jp_event_owner": "タップダンスシチー（GLITTER！）", "tw_event_owner": null}, {"icon": "i_146", "jp_event_owner": "トウカイテイオー（紫雲の夢見取り）", "tw_event_owner": null}, {"icon": "i_145", "jp_event_owner": "カワカミプリンセス（水干撫子）", "tw_event_owner": null}, {"icon": "i_144", "jp_event_owner": "メジロラモーヌ（オニキス．ライン）", "tw_event_owner": null}, {"icon": "i_143", "jp_event_owner": "シンボリクリスエス（JetblackAutomaton）", "tw_event_owner": null}, {"icon": "i_142", "jp_event_owner": "エアシャカール（Belphegor'sPrime）", "tw_event_owner": null}, {"icon": "i_141", "jp_event_owner": "ケイエスミラクル（Prism）", "tw_event_owner": null}, {"icon": "i_140", "jp_event_owner": "サトノダイヤモンド（シュヴァリエ．ブル）", "tw_event_owner": null}, {"icon": "i_139", "jp_event_owner": "ゴールドシップ（Lamode564）", "tw_event_owner": "黃金船（Lamode564）"}, {"icon": "i_138", "jp_event_owner": "ナリタトップロード（TheProudRoad）", "tw_event_owner": "成田路（TheProudRoad）"}, {"icon": "i_137", "jp_event_owner": "サイレンススズカ（波間のエメラルド）", "tw_event_owner": "無聲鈴鹿（波浪間的綠寶石）"}, {"icon": "i_136", "jp_event_owner": "アグネスタキオン（LunaticLab）", "tw_event_owner": "愛麗速子（LunaticLab）"}, {"icon": "i_135", "jp_event_owner": "シリウスシンボリ（Feroce）", "tw_event_owner": "天狼星象徵（Feroce）"}, {"icon": "i_134", "jp_event_owner": "カツラギエース（登竜之頂）", "tw_event_owner": "葛城榮主（登龍之頂）"}, {"icon": "i_133", "jp_event_owner": "トーセンジョーダン（Aurore☆Vacances）", "tw_event_owner": "島川喬登（Aurore☆Vacances）"}, {"icon": "i_132", "jp_event_owner": "バンブーメモリー（Ultra☆Marine）", "tw_event_owner": "青竹回憶（Ultra☆Marine）"}, {"icon": "i_131", "jp_event_owner": "マーベラスサンデー（☆キラ★ドキ☆ワク∞マベ∞）", "tw_event_owner": "美麗週日（☆閃耀★怦然☆雀躍∞美麗∞）"}, {"icon": "i_130", "jp_event_owner": "ヒシアマゾン（HungryVeil）", "tw_event_owner": "菱亞馬遜（HungryVeil）"}, {"icon": "i_129", "jp_event_owner": "ニシノフラワー（SweetJuneberry）", "tw_event_owner": null}, {"icon": "i_128", "jp_event_owner": "タニノギムレット（身に纏うケラヴノス）", "tw_event_owner": "谷水琴蕾（雷光纏身）"}, {"icon": "i_127", "jp_event_owner": "ヒシミラクル（みらくるめーくあっぷ！）", "tw_event_owner": "菱奇蹟（點綴奇蹟！）"}, {"icon": "i_126", "jp_event_owner": "サクラバクシンオー（レッドホット☆リーダー）", "tw_event_owner": "櫻花驀進王（赤熱☆隊長）"}, {"icon": "i_125", "jp_event_owner": "マチカネタンホイザ（ブルー．タービュランス）", "tw_event_owner": "待兼唐懷瑟（藍色‧亂流）"}, {"icon": "i_124", "jp_event_owner": "ネオユニヴァース（Universe-Naut）", "tw_event_owner": "新宇宙（Universe-Naut）"}, {"icon": "i_123", "jp_event_owner": "サクラローレル（Saisirlereve）", "tw_event_owner": "櫻花桂冠（Saisirlereve）"}, {"icon": "i_122", "jp_event_owner": "サクラチヨノオー（FleurEnneigee）", "tw_event_owner": "櫻花千代王（FleurEnneigee）"}, {"icon": "i_121", "jp_event_owner": "メジロアルダン（NeigeÉmeraude）", "tw_event_owner": "目白阿爾丹（NeigeÉmeraude）"}, {"icon": "i_120", "jp_event_owner": "シンボリクリスエス（OnyxSoldier）", "tw_event_owner": "克莉斯耶絲象徵（OnyxSoldier）"}, {"icon": "i_119", "jp_event_owner": "ダイイチルビー（華麗なる紅玉）", "tw_event_owner": "第一紅寶（華麗紅玉）"}, {"icon": "i_118", "jp_event_owner": "ツインターボ（爆走！ターボエンジン）", "tw_event_owner": "雙渦輪（暴衝！渦輪引擎）"}, {"icon": "i_117", "jp_event_owner": "ミスターシービー（ClearBliss）", "tw_event_owner": "千明代表（ClearBliss）"}, {"icon": "i_116", "jp_event_owner": "シンコウウインディ（WickedPunk）", "tw_event_owner": "新光風（WickedPunk）"}, {"icon": "i_115", "jp_event_owner": "メジロライアン（マーガレット．ラッテ）", "tw_event_owner": "目白雷恩（雛菊．拿鐵）"}, {"icon": "i_114", "jp_event_owner": "アイネスフウジン（MELTYGIFT）", "tw_event_owner": "艾尼風神（MELTYGIFT）"}, {"icon": "i_113", "jp_event_owner": "ダイタクヘリオス（Fun☆Fun☆ぱりない）", "tw_event_owner": "大德太陽（Fun☆Fun☆派對夜）"}, {"icon": "i_112", "jp_event_owner": "ホッコータルマエ（スター．ライト．シップ）", "tw_event_owner": "北幸樽前（繁星．光華．船隻）"}, {"icon": "i_111", "jp_event_owner": "サトノダイヤモンド（花形．弥栄之翠）", "tw_event_owner": "里見光鑽（當家花旦．彌榮之翠）"}, {"icon": "i_110", "jp_event_owner": "キタサンブラック（真打．慶鶴ノ志）", "tw_event_owner": "北部玄駒（壓軸好戲．慶鶴之志）"}, {"icon": "i_109", "jp_event_owner": "ナリタブライアン（餓狼）", "tw_event_owner": "成田白仁（餓狼）"}, {"icon": "i_108", "jp_event_owner": "ゼンノロブロイ（HeroicAuthor）", "tw_event_owner": "荒漠英雄（HeroicAuthor）"}, {"icon": "i_107", "jp_event_owner": "ダイワスカーレット（緋色のニュイ．エトワレ）", "tw_event_owner": "大和赤驥（緋紅的星落之夜）"}, {"icon": "i_106", "jp_event_owner": "ウオッカ（不凍のアクア．ウィタエ）", "tw_event_owner": "伏特加（不凍的生命之水）"}, {"icon": "i_105", "jp_event_owner": "ワンダーアキュート（ButterflySting）", "tw_event_owner": "奇銳駿（ButterflySting）"}, {"icon": "i_104", "jp_event_owner": "ナカヤマフェスタ（死中求活）", "tw_event_owner": "中山慶典（死中求活）"}, {"icon": "i_103", "jp_event_owner": "イナリワン（夢ノ金原）", "tw_event_owner": "稻荷一（夢想的金原）"}, {"icon": "i_102", "jp_event_owner": "タマモクロス（猛ル鳴神）", "tw_event_owner": "玉藻十字（荒暴雷神）"}, {"icon": "i_101", "jp_event_owner": "ヤマニンゼファー（FluttertailSpirit）", "tw_event_owner": "山人西風（FluttertailSpirit）"}, {"icon": "i_100", "jp_event_owner": "アストンマーチャン（Flare）", "tw_event_owner": "奧斯頓真弓（Flare）"}, {"icon": "i_99", "jp_event_owner": "メイショウドトウ（Dot-o'-Lantern）", "tw_event_owner": "名將怒濤（Dot-o'-Lantern）"}, {"icon": "i_98", "jp_event_owner": "アグネスデジタル（愛麗♡キョンシー）", "tw_event_owner": "愛麗數碼（愛麗♡殭屍）"}, {"icon": "i_97", "jp_event_owner": "シーキングザパール（Rocket☆Star）", "tw_event_owner": "採珠（Rocket☆Star）"}, {"icon": "i_96", "jp_event_owner": "ユキノビジン（めんこいめんこいむつのはな）", "tw_event_owner": "雪之美人（好口愛好口愛的銀粟）"}, {"icon": "i_95", "jp_event_owner": "ナリタタイシン（ディファレンス．エンジニア）", "tw_event_owner": "成田大進（與眾不同的技師）"}, {"icon": "i_94", "jp_event_owner": "ウイニングチケット（DreamDeliverer）", "tw_event_owner": "勝利獎券（DreamDeliverer）"}, {"icon": "i_93", "jp_event_owner": "スマートファルコン（黄昏トライアンフ）", "tw_event_owner": "醒目飛鷹（黃昏凱旋）"}, {"icon": "i_92", "jp_event_owner": "コパノリッキー（陰陽八卦☆開運衣）", "tw_event_owner": "小林歷奇（陰陽八卦☆開運衣）"}, {"icon": "i_91", "jp_event_owner": "バンブーメモリー（黒鉄の大志）", "tw_event_owner": "青竹回憶（黑鐵大志）"}, {"icon": "i_90", "jp_event_owner": "ゴールドシップ（RUN！乱！ランチャー！！）", "tw_event_owner": "黃金船（RUN！亂！亂槍射手！！）"}, {"icon": "i_89", "jp_event_owner": "メジロマックイーン（さざ波フェアレディ）", "tw_event_owner": "目白麥昆（漣漪窈窕淑女）"}, {"icon": "i_88", "jp_event_owner": "スペシャルウィーク（日之本一の総大将）", "tw_event_owner": "特別週（日之本第一總大將）"}, {"icon": "i_87", "jp_event_owner": "エアシャカール（unsigned）", "tw_event_owner": "空中神宮（unsigned）"}, {"icon": "i_86", "jp_event_owner": "メジロドーベル（バカンス．サフィール）", "tw_event_owner": "目白多伯（藍寶石假期）"}, {"icon": "i_85", "jp_event_owner": "タイキシャトル（Bubblegum☆Memories）", "tw_event_owner": "大樹快車（Bubblegum☆Memories）"}, {"icon": "i_84", "jp_event_owner": "スイープトウショウ（プラタナス．ウィッチ）", "tw_event_owner": "東商變革（懸鈴木魔女）"}, {"icon": "i_83", "jp_event_owner": "イナリワン（稲荷所縁江戸紫）", "tw_event_owner": "稻荷一（稻荷因緣江戶紫）"}, {"icon": "i_82", "jp_event_owner": "ファインモーション（Titania）", "tw_event_owner": "美妙姿勢（Titania）"}, {"icon": "i_81", "jp_event_owner": "カレンチャン（朔月のマ．シェリ）", "tw_event_owner": "真機伶（朔月甜心）"}, {"icon": "i_80", "jp_event_owner": "メジロパーマー（LineBreakthrough）", "tw_event_owner": "目白善信（LineBreakthrough）"}, {"icon": "i_79", "jp_event_owner": "アイネスフウジン（オールタイム．フィーバー）", "tw_event_owner": "艾尼風神（全天候狂熱）"}, {"icon": "i_78", "jp_event_owner": "キングヘイロー（白く気高き激励の装）", "tw_event_owner": "帝王光輝（潔白高貴的激勵之服）"}, {"icon": "i_77", "jp_event_owner": "ナイスネイチャ（RUN＆WIN）", "tw_event_owner": "優秀素質（RUN＆WIN）"}, {"icon": "i_76", "jp_event_owner": "ヤエノムテキ（四白流星の襲）", "tw_event_owner": "八重無敵（四白流星襲擊）"}, {"icon": "i_75", "jp_event_owner": "ニシノフラワー（ティアード．ペタル）", "tw_event_owner": "西野花（重瓣花朵）"}, {"icon": "i_74", "jp_event_owner": "フジキセキ（シュクセ．エトワーレ）", "tw_event_owner": "富士奇石（勝利明星）"}, {"icon": "i_73", "jp_event_owner": "セイウンスカイ（ソワレ．ド．シャトン）", "tw_event_owner": "青雲天空（小貓咪的晚宴）"}, {"icon": "i_72", "jp_event_owner": "メジロブライト（ブリュニサージュ．ライン）", "tw_event_owner": "目白光明（VernissageLine）"}, {"icon": "i_71", "jp_event_owner": "サトノダイヤモンド（NaturalBrilliance）", "tw_event_owner": "里見光鑽（NaturalBrilliance）"}, {"icon": "i_70", "jp_event_owner": "マチカネタンホイザ（ぱんぱかティルトット）", "tw_event_owner": "待兼唐懷瑟（鏘鏘～斜裝登場）"}, {"icon": "i_69", "jp_event_owner": "キタサンブラック（錦上．大判御輿）", "tw_event_owner": "北部玄駒（錦上．大判御輿）"}, {"icon": "i_68", "jp_event_owner": "アドマイヤベガ（StarryNocturne）", "tw_event_owner": "愛慕織姬（StarryNocturne）"}, {"icon": "i_67", "jp_event_owner": "メジロアルダン（クリノクロア．ライン）", "tw_event_owner": "目白阿爾丹（ClinochloreLine）"}, {"icon": "i_66", "jp_event_owner": "エイシンフラッシュ（コレクト．ショコラティエ）", "tw_event_owner": "榮進閃耀（精確無比巧克力師）"}, {"icon": "i_65", "jp_event_owner": "ミホノブルボン（CODE：グラサージュ）", "tw_event_owner": "美浦波旁（CODE：淋面裝飾）"}, {"icon": "i_64", "jp_event_owner": "サクラチヨノオー（日下開山．花あかり）", "tw_event_owner": "櫻花千代王（天下第一花滿天）"}, {"icon": "i_63", "jp_event_owner": "テイエムオペラオー（初晴．青き絢爛）", "tw_event_owner": "好歌劇（初晴．湛藍絢爛）"}, {"icon": "i_62", "jp_event_owner": "ハルウララ（初うらら♪さくさくら）", "tw_event_owner": "春烏菈菈（初烏菈菈♪櫻花綻放）"}, {"icon": "i_61", "jp_event_owner": "タマモクロス（疾風迅雷）", "tw_event_owner": "玉藻十字（疾風迅雷）"}, {"icon": "i_60", "jp_event_owner": "ファインモーション（NobleSeamair）", "tw_event_owner": "美妙姿勢（NobleSeamair）"}, {"icon": "i_59", "jp_event_owner": "ビワハヤヒデ（ノエルージュ．キャロル）", "tw_event_owner": "琵琶晨光（聖夜紅袍頌歌）"}, {"icon": "i_58", "jp_event_owner": "オグリキャップ（キセキの白星）", "tw_event_owner": "小栗帽（奇蹟白星）"}, {"icon": "i_57", "jp_event_owner": "メジロドーベル（ツイステッド．ライン）", "tw_event_owner": "目白多伯（TwistedLine）"}, {"icon": "i_56", "jp_event_owner": "トーセンジョーダン（ポップス☆ジョーカー）", "tw_event_owner": "島川喬登（POPS☆JOKER）"}, {"icon": "i_55", "jp_event_owner": "ゴールドシチー（秋桜ダンツァトリーチェ）", "tw_event_owner": "黃金城市（秋櫻舞者）"}, {"icon": "i_54", "jp_event_owner": "シンボリルドルフ（皓月の弓取り）", "tw_event_owner": "魯道夫象徵（皓月下的弓手）"}, {"icon": "i_53", "jp_event_owner": "マンハッタンカフェ（CreepingBlack）", "tw_event_owner": "曼哈頓咖啡（CreepingBlack）"}, {"icon": "i_52", "jp_event_owner": "カワカミプリンセス（プリンセス．オブ．ピンク）", "tw_event_owner": "川上公主（Princessofpink）"}, {"icon": "i_51", "jp_event_owner": "スーパークリーク（シフォンリボンマミー）", "tw_event_owner": "超級小溪（雪紡緞帶木乃伊）"}, {"icon": "i_50", "jp_event_owner": "ライスシャワー（MakeupVampire！）", "tw_event_owner": "米浴（MakeupVampire！）"}, {"icon": "i_49", "jp_event_owner": "アグネスデジタル（超特急！フルカラー特殊PP）", "tw_event_owner": "愛麗數碼（超特急！全彩特殊膜）"}, {"icon": "i_48", "jp_event_owner": "ヒシアケボノ（ボーノ☆アラモーダ）", "tw_event_owner": "菱曙（Buono☆時尚）"}, {"icon": "i_47", "jp_event_owner": "マチカネフクキタル（吉兆．初あらし）", "tw_event_owner": "待兼福來（吉兆初現）"}, {"icon": "i_46", "jp_event_owner": "エイシンフラッシュ（Meisterschaft）", "tw_event_owner": "榮進閃耀（Meisterschaft）"}, {"icon": "i_45", "jp_event_owner": "メイショウドトウ（ブルー／レイジング）", "tw_event_owner": "名將怒濤（湛藍／湧濤）"}, {"icon": "i_44", "jp_event_owner": "マルゼンスキー（ぶっとび☆さまーナイト）", "tw_event_owner": "丸善斯基（飛越☆盛夏騎士）"}, {"icon": "i_43", "jp_event_owner": "スペシャルウィーク（ほっぴん♪ビタミンハート）", "tw_event_owner": "特別週（跳躍♪富含維他命的心）"}, {"icon": "i_42", "jp_event_owner": "ゴールドシチー（オーセンティック／1928）", "tw_event_owner": "黃金城市（純正／1928）"}, {"icon": "i_41", "jp_event_owner": "フジキセキ（シューティンスタァ．ルヴュ）", "tw_event_owner": "富士奇石（流星歌舞劇）"}, {"icon": "i_40", "jp_event_owner": "グラスワンダー（セイントジェード．ヒーラー）", "tw_event_owner": "草上飛（神聖翡翠治癒師）"}, {"icon": "i_39", "jp_event_owner": "エルコンドルパサー（ククルカン．モンク）", "tw_event_owner": "神鷹（羽蛇神武鬥家）"}, {"icon": "i_38", "jp_event_owner": "ヒシアマゾン（アマゾネス．ラピス）", "tw_event_owner": "菱亞馬遜（亞馬遜青金石）"}, {"icon": "i_37", "jp_event_owner": "セイウンスカイ（あおぐもサミング）", "tw_event_owner": "青雲天空（青雲釣術）"}, {"icon": "i_36", "jp_event_owner": "エアグルーヴ（クエルクス．キウィーリス）", "tw_event_owner": "氣槽（榮譽橡木冠）"}, {"icon": "i_35", "jp_event_owner": "マヤノトップガン（サンライト．ブーケ）", "tw_event_owner": "重砲（陽光捧花）"}, {"icon": "i_34", "jp_event_owner": "ナリタブライアン（Maverick）", "tw_event_owner": "成田白仁（Maverick）"}, {"icon": "i_33", "jp_event_owner": "スマートファルコン（あぶそりゅーと☆LOVE）", "tw_event_owner": "醒目飛鷹（絕對純粹☆LOVE）"}, {"icon": "i_32", "jp_event_owner": "ナリタタイシン（Nevertheless）", "tw_event_owner": "成田大進（Nevertheless）"}, {"icon": "i_31", "jp_event_owner": "カレンチャン（フィーユ．エクレール）", "tw_event_owner": "真機伶（閃光少女）"}, {"icon": "i_30", "jp_event_owner": "メジロマックイーン（エンド．オブ．スカイ）", "tw_event_owner": "目白麥昆（空之盡頭）"}, {"icon": "i_29", "jp_event_owner": "トウカイテイオー（ビヨンド．ザ．ホライズン）", "tw_event_owner": "東海帝皇（超越地平線）"}, {"icon": "i_28", "jp_event_owner": "ビワハヤヒデ（pf.Victoryformula...）", "tw_event_owner": "琵琶晨光（pf.Victoryformula...）"}, {"icon": "i_27", "jp_event_owner": "ミホノブルボン（MB-19890425）", "tw_event_owner": "美浦波旁（MB-19890425）"}, {"icon": "i_26", "jp_event_owner": "テイエムオペラオー（オー．ソレ．スーオ！）", "tw_event_owner": "好歌劇（你的太陽！）"}, {"icon": "i_25", "jp_event_owner": "キングヘイロー（キング．オブ．エメラルド）", "tw_event_owner": "帝王光輝（綠寶石之王）"}, {"icon": "i_24", "jp_event_owner": "ナイスネイチャ（ポインセチア．リボン）", "tw_event_owner": "優秀素質（聖誕紅緞帶）"}, {"icon": "i_23", "jp_event_owner": "マチカネフクキタル（運気上昇☆幸福万来）", "tw_event_owner": "待兼福來（運勢上升☆好運臨門）"}, {"icon": "i_22", "jp_event_owner": "ハルウララ（うららん一等賞♪）", "tw_event_owner": "春烏菈菈（烏菈菈得第一♪）"}, {"icon": "i_21", "jp_event_owner": "サクラバクシンオー（サクラ、すすめ！）", "tw_event_owner": "櫻花驀進王（前進吧！櫻花）"}, {"icon": "i_20", "jp_event_owner": "ウイニングチケット（GoToWinning！）", "tw_event_owner": "勝利獎券（GoToWinning！）"}, {"icon": "i_19", "jp_event_owner": "アグネスタキオン（tach-nology）", "tw_event_owner": "愛麗速子（tach-nology）"}, {"icon": "i_18", "jp_event_owner": "メジロライアン（ストレート．ライン）", "tw_event_owner": "目白雷恩（勇往直前）"}, {"icon": "i_17", "jp_event_owner": "スーパークリーク（マーマリングストリーム）", "tw_event_owner": "超級小溪（低語溪流）"}, {"icon": "i_16", "jp_event_owner": "マヤノトップガン（すくらんぶる☆ゾーン）", "tw_event_owner": "重砲（急飛☆區域）"}, {"icon": "i_15", "jp_event_owner": "エアグルーヴ（エンプレスロード）", "tw_event_owner": "氣槽（女帝之路）"}, {"icon": "i_14", "jp_event_owner": "エルコンドルパサー（エル☆Numero1）", "tw_event_owner": "神鷹（神鷹☆Numero1）"}, {"icon": "i_13", "jp_event_owner": "グラスワンダー（岩穿つ青）", "tw_event_owner": "草上飛（穿岩之青）"}, {"icon": "i_12", "jp_event_owner": "ダイワスカーレット（トップ．オブ．ブルー）", "tw_event_owner": "大和赤驥（蒼藍巔峰）"}, {"icon": "i_11", "jp_event_owner": "ウオッカ（ワイルドトップギア）", "tw_event_owner": "伏特加（狂野極速）"}, {"icon": "i_10", "jp_event_owner": "ゴールドシップ（レッドストライフ）", "tw_event_owner": "黃金船（火紅鬥爭）"}, {"icon": "i_9", "jp_event_owner": "ライスシャワー（ローゼスドリーム）", "tw_event_owner": "米浴（薔薇之夢）"}, {"icon": "i_8", "jp_event_owner": "シンボリルドルフ（ロード．オブ．エンペラー）", "tw_event_owner": "魯道夫象徵（皇帝之路）"}, {"icon": "i_7", "jp_event_owner": "メジロマックイーン（エレガンス．ライン）", "tw_event_owner": "目白麥昆（優雅線條）"}, {"icon": "i_6", "jp_event_owner": "タイキシャトル（ワイルド．フロンティア）", "tw_event_owner": "大樹快車（野性邊境）"}, {"icon": "i_5", "jp_event_owner": "オグリキャップ（スターライトビート）", "tw_event_owner": "小栗帽（星光躍動）"}, {"icon": "i_4", "jp_event_owner": "マルゼンスキー（フォーミュラオブルージュ）", "tw_event_owner": "丸善斯基（嫣紅方程式）"}, {"icon": "i_3", "jp_event_owner": "トウカイテイオー（トップ．オブ．ジョイフル）", "tw_event_owner": "東海帝皇（歡樂巔峰）"}, {"icon": "i_2", "jp_event_owner": "サイレンススズカ（サイレントイノセンス）", "tw_event_owner": "無聲鈴鹿（無聲純真）"}, {"icon": "i_1", "jp_event_owner": "スペシャルウィーク（スペシャルドリーマー）", "tw_event_owner": "特別週（特別夢想家）"}]