[{"icon":"sp_431","jp_event_owner":"メジロラモーヌ（月下麗人）","tw_event_owner":null},{"icon":"sp_430","jp_event_owner":"シーキングザパール（飛び立つヴィーナス）","tw_event_owner":null},{"icon":"sp_429","jp_event_owner":"マルゼンスキー（ふりさけみれば天花のわらう）","tw_event_owner":null},{"icon":"sp_428","jp_event_owner":"メジロアルダン（深窓の少女へ）","tw_event_owner":null},{"icon":"sp_427","jp_event_owner":"シンボリルドルフ（雲煙飛動）","tw_event_owner":null},{"icon":"sp_426","jp_event_owner":"バブルガムフェロー（トレセン学園）","tw_event_owner":null},{"icon":"sp_425","jp_event_owner":"バブルガムフェロー（先陣スプラッシュ）","tw_event_owner":null},{"icon":"sp_424","jp_event_owner":"ブラストワンピース（トレセン学園）","tw_event_owner":null},{"icon":"sp_423","jp_event_owner":"ブラストワンピース（blastoff）","tw_event_owner":null},{"icon":"sp_422","jp_event_owner":"テイエムオペラオー（王を統べて覆す者）","tw_event_owner":null},{"icon":"sp_421","jp_event_owner":"メイショウドトウ（不屈の遠吠え）","tw_event_owner":null},{"icon":"sp_420","jp_event_owner":"アグネスデジタル（告知新刊あります）","tw_event_owner":null},{"icon":"sp_419","jp_event_owner":"ノースフライト（お任せオートクチュール）","tw_event_owner":null},{"icon":"sp_418","jp_event_owner":"シンボリクリスエス（coolcrazybuddy）","tw_event_owner":null},{"icon":"sp_417","jp_event_owner":"エアシャカール（cocoon）","tw_event_owner":null},{"icon":"sp_416","jp_event_owner":"ダイワスカーレット（緋色の君へ風が吹く）","tw_event_owner":null},{"icon":"sp_415","jp_event_owner":"マチカネフクキタル（メークパワートリオ）","tw_event_owner":null},{"icon":"sp_414","jp_event_owner":"ヒシアマゾン（牙を立てリフレイン）","tw_event_owner":null},{"icon":"sp_413","jp_event_owner":"ナリタブライアン（咆哮のアポヤンド）","tw_event_owner":null},{"icon":"sp_412","jp_event_owner":"シーザリオ（トレセン学園）","tw_event_owner":null},{"icon":"sp_411","jp_event_owner":"シーザリオ（慈恵のmothersea）","tw_event_owner":null},{"icon":"sp_410","jp_event_owner":"エスポワールシチー（トレセン学園）","tw_event_owner":null},{"icon":"sp_409","jp_event_owner":"サクラローレル（君の花衣）","tw_event_owner":null},{"icon":"sp_408","jp_event_owner":"エスポワールシチー（knokemdown）","tw_event_owner":null},{"icon":"sp_407","jp_event_owner":"シンボリクリスエス（rewardingjob）","tw_event_owner":null},{"icon":"sp_406","jp_event_owner":"トウカイテイオー（開催ハチャメチャgp）","tw_event_owner":"東海帝皇（開賽喧鬧gp）"},{"icon":"sp_405","jp_event_owner":"フジキセキ（悩み事かいポニーちゃん）","tw_event_owner":null},{"icon":"sp_404","jp_event_owner":"タイキシャトル（月下のsunshine）","tw_event_owner":null},{"icon":"sp_403","jp_event_owner":"ブエナビスタ（トレセン学園）","tw_event_owner":null},{"icon":"sp_402","jp_event_owner":"スティルインラブ（トレセン学園）","tw_event_owner":null},{"icon":"sp_401","jp_event_owner":"スティルインラブ（devilishwhispers）","tw_event_owner":null},{"icon":"sp_400","jp_event_owner":"マーベラスサンデー（みんなにグッドマーベラス）","tw_event_owner":null},{"icon":"sp_399","jp_event_owner":"ブエナビスタ（我が学び舎へ愛を込めて）","tw_event_owner":null},{"icon":"sp_398","jp_event_owner":"サトノダイヤモンド（今日もたのしくおいしく）","tw_event_owner":null},{"icon":"sp_397","jp_event_owner":"メジロパーマー（救いはあるよっ）","tw_event_owner":null},{"icon":"sp_396","jp_event_owner":"ファインモーション（歴史も美食も余すところなく）","tw_event_owner":null},{"icon":"sp_395","jp_event_owner":"ワンダーアキュート（あの夏のキリトリ線）","tw_event_owner":null},{"icon":"sp_394","jp_event_owner":"コパノリッキー（luckysummertime）","tw_event_owner":null},{"icon":"sp_393","jp_event_owner":"スマートファルコン（波間のオフショット）","tw_event_owner":null},{"icon":"sp_392","jp_event_owner":"マチカネフクキタル（お守りパワーで福徳円満）","tw_event_owner":null},{"icon":"sp_391","jp_event_owner":"ダンツフレーム（そして幕は上がる）","tw_event_owner":null},{"icon":"sp_390","jp_event_owner":"秋川理事長（トレセン学園）","tw_event_owner":null},{"icon":"sp_389","jp_event_owner":"ニシノフラワー（朝焼け苺の畑にて）","tw_event_owner":null},{"icon":"sp_388","jp_event_owner":"秋川理事長（謹製ッ特大夢にんじん）","tw_event_owner":null},{"icon":"sp_387","jp_event_owner":"ヴィルシーナ（紺碧の戴冠式）","tw_event_owner":null},{"icon":"sp_386","jp_event_owner":"セイウンスカイ（幸福の匂いにまどろむ）","tw_event_owner":null},{"icon":"sp_385","jp_event_owner":"ヴィブロス（アルストロメリアの夢）","tw_event_owner":null},{"icon":"sp_384","jp_event_owner":"ジャングルポケット（新時代を開く者）","tw_event_owner":null},{"icon":"sp_383","jp_event_owner":"ダンツフレーム（トレセン学園）","tw_event_owner":null},{"icon":"sp_382","jp_event_owner":"ダンツフレーム（ぬりぬりシェイプアップ）","tw_event_owner":null},{"icon":"sp_381","jp_event_owner":"ウオッカ（明日のライドオン）","tw_event_owner":null},{"icon":"sp_380","jp_event_owner":"ノーリーズン（トレセン学園）","tw_event_owner":null},{"icon":"sp_379","jp_event_owner":"ヒシミラクル（トレセン学園）","tw_event_owner":null},{"icon":"sp_378","jp_event_owner":"ノーリーズン（大胆不敵の兵よ）","tw_event_owner":null},{"icon":"sp_377","jp_event_owner":"ナリタタイシン（takethemdown）","tw_event_owner":null},{"icon":"sp_376","jp_event_owner":"ヒシミラクル（わーくあみらくる）","tw_event_owner":null},{"icon":"sp_375","jp_event_owner":"ヴィブロス（とっておきのレヴェランス）","tw_event_owner":null},{"icon":"sp_374","jp_event_owner":"ネオユニヴァース（トレセン学園）","tw_event_owner":null},{"icon":"sp_373","jp_event_owner":"エアシャカール（道端フィードバック）","tw_event_owner":null},{"icon":"sp_372","jp_event_owner":"ネオユニヴァース（ver2285のあなたへ）","tw_event_owner":null},{"icon":"sp_371","jp_event_owner":"バンブーメモリー（burning）","tw_event_owner":null},{"icon":"sp_370","jp_event_owner":"ヤマニンゼファー（浚いの風）","tw_event_owner":null},{"icon":"sp_369","jp_event_owner":"ケイエスミラクル（白い鳥のアラベスク）","tw_event_owner":null},{"icon":"sp_368","jp_event_owner":"ラインクラフト（トレセン学園）","tw_event_owner":null},{"icon":"sp_367","jp_event_owner":"サウンズオブアース（ブリッランテな旋律を君と）","tw_event_owner":null},{"icon":"sp_366","jp_event_owner":"ラインクラフト（ティアラが描くレイライン）","tw_event_owner":null},{"icon":"sp_365","jp_event_owner":"シュヴァルグラン（トレセン学園）","tw_event_owner":null},{"icon":"sp_364","jp_event_owner":"タップダンスシチー（cheers）","tw_event_owner":null},{"icon":"sp_363","jp_event_owner":"シュヴァルグラン（overtheocean）","tw_event_owner":null},{"icon":"sp_362","jp_event_owner":"ジェンティルドンナ（トレセン学園）","tw_event_owner":"貴婦人（特雷森學園）"},{"icon":"sp_361","jp_event_owner":"都留岐涼花（プロデューサー）","tw_event_owner":"都留岐涼花（製作人）"},{"icon":"sp_360","jp_event_owner":"オルフェーヴル（トレセン学園）","tw_event_owner":"黃金巨匠（特雷森學園）"},{"icon":"sp_359","jp_event_owner":"ジェンティルドンナ（balliamo）","tw_event_owner":"貴婦人（balliamo）"},{"icon":"sp_358","jp_event_owner":"オルフェーヴル（只君臨す）","tw_event_owner":"黃金巨匠（唯君臨矣）"},{"icon":"sp_357","jp_event_owner":"ヤエノムテキ（護るべきは無垢の瞳）","tw_event_owner":"八重無敵（該守護的是純潔的眼神）"},{"icon":"sp_356","jp_event_owner":"トーセンジョーダン（timeflies）","tw_event_owner":"島川喬登（timeflies）"},{"icon":"sp_355","jp_event_owner":"都留岐涼花（共に描くキラメキ）","tw_event_owner":"都留岐涼花（攜手描繪的閃耀時刻）"},{"icon":"sp_354","jp_event_owner":"ドゥラメンテ（激情のピッツィカ）","tw_event_owner":"大鳴大放（激情的雙人舞）"},{"icon":"sp_353","jp_event_owner":"ノースフライト（トレセン学園）","tw_event_owner":"北方飛翔（特雷森學園）"},{"icon":"sp_352","jp_event_owner":"キタサンブラック（2人のバウンスシャッセ）","tw_event_owner":"北部玄駒（兩人的輕快舞步）"},{"icon":"sp_351","jp_event_owner":"ノースフライト（ゴーファッショニスタ）","tw_event_owner":"北方飛翔（go時尚達人）"},{"icon":"sp_350","jp_event_owner":"サクラバクシンオー（感謝感謝サクラ吹雪）","tw_event_owner":"櫻花驀進王（感謝感謝櫻花紛飛）"},{"icon":"sp_349","jp_event_owner":"ウイニングチケット（小さな笑顔2つ）","tw_event_owner":"勝利獎券（兩抹小小的笑容）"},{"icon":"sp_348","jp_event_owner":"ホッコータルマエ（トレセン学園）","tw_event_owner":"北幸樽前（特雷森學園）"},{"icon":"sp_347","jp_event_owner":"タニノギムレット（ギャラルホルンを磨き上げよ）","tw_event_owner":"谷水琴蕾（擦亮加拉爾的號角吧）"},{"icon":"sp_346","jp_event_owner":"ホッコータルマエ（白い翼は舞い戻りて）","tw_event_owner":"北幸樽前（潔白羽翼衣錦還鄉）"},{"icon":"sp_345","jp_event_owner":"ドゥラメンテ（トレセン学園）","tw_event_owner":"大鳴大放（特雷森學園）"},{"icon":"sp_344","jp_event_owner":"刻み続ける者たち（この先も）","tw_event_owner":"持續刻劃著歷史的賽馬娘們（永不歇止）"},{"icon":"sp_343","jp_event_owner":"ツインターボ（ウタエミンナノ）","tw_event_owner":"雙渦輪（齊唱眾人心意）"},{"icon":"sp_342","jp_event_owner":"ドゥラメンテ（血脈の胎動）","tw_event_owner":"大鳴大放（血脈的胎動）"},{"icon":"sp_341","jp_event_owner":"サトノダイヤモンド（百花の願いをこの胸に）","tw_event_owner":"里見光鑽（將百花的祈願寄於心中）"},{"icon":"sp_340","jp_event_owner":"ロイスアンドロイス（トレセン学園）","tw_event_owner":"萊斯萊斯（特雷森學園）"},{"icon":"sp_339","jp_event_owner":"ヴィブロス（トレセン学園）","tw_event_owner":"比布魯斯（特雷森學園）"},{"icon":"sp_338","jp_event_owner":"ロイスアンドロイス（最強は作れる）","tw_event_owner":"萊斯萊斯（最強是能安排出來的）"},{"icon":"sp_337","jp_event_owner":"ヴィブロス（会心のウイニングスマイル）","tw_event_owner":"比布魯斯（充滿自信的勝利笑容）"},{"icon":"sp_336","jp_event_owner":"メジロライアン（選んで選んで想いを込めて）","tw_event_owner":"目白雷恩（精挑細選飽含心意）"},{"icon":"sp_335","jp_event_owner":"メジロラモーヌ（冬溶かす熾火）","tw_event_owner":"目白拉茉奴（融冬熾火）"},{"icon":"sp_334","jp_event_owner":"メジロドーベル（聖夜変わるために）","tw_event_owner":"目白多伯（聖誕夜為了有所改變）"},{"icon":"sp_333","jp_event_owner":"ヴィルシーナ（トレセン学園）","tw_event_owner":"極峰（特雷森學園）"},{"icon":"sp_332","jp_event_owner":"サウンズオブアース（トレセン学園）","tw_event_owner":"萬籟爭鳴（特雷森學園）"},{"icon":"sp_331","jp_event_owner":"ヴィルシーナ（長姉は大変）","tw_event_owner":"極峰（當大姊很辛苦）"},{"icon":"sp_330","jp_event_owner":"サウンズオブアース（大地と我らのアンサンブル）","tw_event_owner":"萬籟爭鳴（大地與我們的ensemble）"},{"icon":"sp_329","jp_event_owner":"マチカネタンホイザ（あくもー退散）","tw_event_owner":"待兼唐懷瑟（蜘蛛退散）"},{"icon":"sp_328","jp_event_owner":"メジロマックイーン（かっとばせーですわ）","tw_event_owner":"目白麥昆（轟出去吧）"},{"icon":"sp_327","jp_event_owner":"ハルウララ（ああ楽しや楽しや）","tw_event_owner":"春烏菈菈（啊啊真開心呀真開心）"},{"icon":"sp_326","jp_event_owner":"キングヘイロー（我が舞巡りて）","tw_event_owner":"帝王光輝（流轉吧我的舞蹈）"},{"icon":"sp_325","jp_event_owner":"ツルマルツヨシ（天より遣われし微笑み）","tw_event_owner":"鶴丸強志（天降凡塵的微笑）"},{"icon":"sp_324","jp_event_owner":"ナイスネイチャ（とびっきりの金メダル）","tw_event_owner":"優秀素質（無上的金牌）"},{"icon":"sp_323","jp_event_owner":"ゴールドシップ（波をかきわけ夢がゆく）","tw_event_owner":"黃金船（乘風破浪逐夢航行）"},{"icon":"sp_322","jp_event_owner":"タップダンスシチー（トレセン学園）","tw_event_owner":"踢踏城市（特雷森學園）"},{"icon":"sp_321","jp_event_owner":"ファインモーション（hellomyclover）","tw_event_owner":"美妙姿勢（hellomyclover）"},{"icon":"sp_320","jp_event_owner":"タニノギムレット（フォルトゥーナの喝采）","tw_event_owner":"谷水琴蕾（幸運女神的喝采）"},{"icon":"sp_319","jp_event_owner":"タップダンスシチー（高らかにyoho）","tw_event_owner":"踢踏城市（高聲yoho）"},{"icon":"sp_318","jp_event_owner":"タイキシャトル（あまえんぼnight）","tw_event_owner":"大樹快車（想撒嬌的night）"},{"icon":"sp_317","jp_event_owner":"ヒシアマゾン（炎々闘志を抱き）","tw_event_owner":"菱亞馬遜（懷抱熊熊燃燒的鬥志）"},{"icon":"sp_316","jp_event_owner":"キタサンブラック（お助け大将と小さな魔女）","tw_event_owner":"北部玄駒（助人大將與小小魔女）"},{"icon":"sp_315","jp_event_owner":"ナカヤマフェスタ（鉄火場に咲く菫）","tw_event_owner":"中山慶典（賭場上盛開的堇花）"},{"icon":"sp_314","jp_event_owner":"佐岳メイ（ura職員）","tw_event_owner":"佐岳鳴（ura職員）"},{"icon":"sp_313","jp_event_owner":"エルコンドルパサー（大望は飛んでいく）","tw_event_owner":"神鷹（野心翱翔）"},{"icon":"sp_312","jp_event_owner":"佐岳メイ（laubeは迫りて）","tw_event_owner":"佐岳鳴（laube將至）"},{"icon":"sp_311","jp_event_owner":"アドマイヤベガ（preciousmoments）","tw_event_owner":"愛慕織姬（preciousmoments）"},{"icon":"sp_310","jp_event_owner":"エアグルーヴ（seasidebloom）","tw_event_owner":"氣槽（seasidebloom）"},{"icon":"sp_309","jp_event_owner":"ジャングルポケット（トばすぜホットサマー）","tw_event_owner":"叢林口袋（疾馳在這火熱的夏天吧）"},{"icon":"sp_308","jp_event_owner":"マンハッタンカフェ（君と見る泡沫）","tw_event_owner":"曼哈頓咖啡（與你共睹的泡沫）"},{"icon":"sp_307","jp_event_owner":"ワンダーアキュート（トレセン学園）","tw_event_owner":"奇銳駿（特雷森學園）"},{"icon":"sp_306","jp_event_owner":"グラスワンダー（よい茶の飲み置き）","tw_event_owner":"草上飛（淺嚐佳茗唇齒留香）"},{"icon":"sp_305","jp_event_owner":"ワンダーアキュート（ライフロングワンダー）","tw_event_owner":"奇銳駿（畢生的奇蹟）"},{"icon":"sp_304","jp_event_owner":"ダイタクヘリオス（夏新しい自分）","tw_event_owner":"大德太陽（夏日全新的自己）"},{"icon":"sp_303","jp_event_owner":"メジロパーマー（カモメのように）","tw_event_owner":"目白善信（宛如海鷗）"},{"icon":"sp_302","jp_event_owner":"ゴールドシチー（優しい月）","tw_event_owner":"黃金城市（柔和月色）"},{"icon":"sp_301","jp_event_owner":"コパノリッキー（トレセン学園）","tw_event_owner":"小林歷奇（特雷森學園）"},{"icon":"sp_300","jp_event_owner":"コパノリッキー（ラッキーの神様は早起き）","tw_event_owner":"小林歷奇（lucky之神很早起）"},{"icon":"sp_299","jp_event_owner":"マヤノトップガン（chillchillnight）","tw_event_owner":"重砲（chillchillnight）"},{"icon":"sp_298","jp_event_owner":"サイレンススズカ（夕立の向こうからのぞく）","tw_event_owner":"無聲鈴鹿（從午後陣雨的另一側窺探）"},{"icon":"sp_297","jp_event_owner":"テイエムオペラオー（allalbavincero）","tw_event_owner":"好歌劇（allalbavincero）"},{"icon":"sp_296","jp_event_owner":"ウオッカ（ハートイグニッション）","tw_event_owner":"伏特加（點燃內心）"},{"icon":"sp_295","jp_event_owner":"アストンマーチャン（オートクチュールメモリー）","tw_event_owner":"奧斯頓真弓（精心訂製的回憶）"},{"icon":"sp_294","jp_event_owner":"ダイワスカーレット（somethingblue）","tw_event_owner":"大和赤驥（somethingblue）"},{"icon":"sp_293","jp_event_owner":"マルゼンスキー（激マブドライブ）","tw_event_owner":"丸善斯基（超水噹噹兜風）"},{"icon":"sp_292","jp_event_owner":"ジャングルポケット（thefrontier）","tw_event_owner":"叢林口袋（thefrontier）"},{"icon":"sp_291","jp_event_owner":"イクノディクタス（たどり着いた景色）","tw_event_owner":"生野狄杜斯（抵達的景色）"},{"icon":"sp_290","jp_event_owner":"サクラローレル（刻下桜花爛漫）","tw_event_owner":"櫻花桂冠（此刻櫻花爛漫）"},{"icon":"sp_289","jp_event_owner":"ミホノブルボン（ミッション心の栄養補給）","tw_event_owner":"美浦波旁（任務心靈的營養補給）"},{"icon":"sp_288","jp_event_owner":"ゴールドシップ（ゴルシ印のスペシャリテ）","tw_event_owner":"黃金船（阿船標章的拿手料理）"},{"icon":"sp_287","jp_event_owner":"シンボリルドルフ（絶対皇帝）","tw_event_owner":"魯道夫象徵（絕對皇帝）"},{"icon":"sp_286","jp_event_owner":"トウカイテイオー（比翼のワルツ）","tw_event_owner":"東海帝皇（比翼的華爾滋）"},{"icon":"sp_285","jp_event_owner":"メジロマックイーン（心夜風にさらわれて）","tw_event_owner":"目白麥昆（我的心已被晚風帶走）"},{"icon":"sp_284","jp_event_owner":"ナイスネイチャ（今は瞳を閉じないで）","tw_event_owner":"優秀素質（現在還請不要闔上雙眼）"},{"icon":"sp_283","jp_event_owner":"ヒシアケボノ（甘い浮き輪を召し上がれ）","tw_event_owner":"菱曙（請享用甜甜的游泳圈）"},{"icon":"sp_282","jp_event_owner":"祖にして導く者（永劫続く栄光へ）","tw_event_owner":"身兼指導者的始祖們（邁向永恆延續的榮光）"},{"icon":"sp_281","jp_event_owner":"ジャングルポケット（トレセン学園）","tw_event_owner":"叢林口袋（特雷森學園）"},{"icon":"sp_280","jp_event_owner":"メジロラモーヌ（トレセン学園）","tw_event_owner":"目白拉茉奴（特雷森學園）"},{"icon":"sp_279","jp_event_owner":"カツラギエース（トレセン学園）","tw_event_owner":"葛城榮主（特雷森學園）"},{"icon":"sp_278","jp_event_owner":"ジャングルポケット（デッドエンド通せん坊）","tw_event_owner":"叢林口袋（死路（不給過））"},{"icon":"sp_277","jp_event_owner":"アグネスタキオン（嗚呼素晴らしき甘味哉）","tw_event_owner":"愛麗速子（啊啊多麼美好的甘甜滋味）"},{"icon":"sp_276","jp_event_owner":"シンボリルドルフ（放課後君が笑った）","tw_event_owner":"魯道夫象徵（放學後你對我笑了）"},{"icon":"sp_275","jp_event_owner":"メジロドーベル（ふわりさらり）","tw_event_owner":"目白多伯（柔順飄逸）"},{"icon":"sp_274","jp_event_owner":"メジロラモーヌ（燦爛）","tw_event_owner":"目白拉茉奴（燦爛）"},{"icon":"sp_273","jp_event_owner":"カツラギエース（掲げよ燃え盛る灯を）","tw_event_owner":"葛城榮主（高舉熾熱燃燒的光芒吧）"},{"icon":"sp_272","jp_event_owner":"シンボリクリスエス（unyieldingresolve）","tw_event_owner":"克莉斯耶絲象徵（unyieldingresolve）"},{"icon":"sp_271","jp_event_owner":"ヒシアケボノ（フォンデンテで笑って）","tw_event_owner":"菱曙（帶來笑容的黑巧克力）"},{"icon":"sp_270","jp_event_owner":"ビコーペガサス（変身ギャルソンフォーム）","tw_event_owner":"微光飛駒（變身男侍造型）"},{"icon":"sp_269","jp_event_owner":"マーベラスサンデー（マーベラスショコラshow）","tw_event_owner":"美麗週日（美麗巧克力show）"},{"icon":"sp_268","jp_event_owner":"アストンマーチャン（トレセン学園）","tw_event_owner":"奧斯頓真弓（特雷森學園）"},{"icon":"sp_267","jp_event_owner":"アストンマーチャン（添付ファイル温めますか）","tw_event_owner":"奧斯頓真弓（附件要加熱嗎）"},{"icon":"sp_266","jp_event_owner":"ケイエスミラクル（toyou）","tw_event_owner":"喜嘉奇蹟（toyou）"},{"icon":"sp_265","jp_event_owner":"グラスワンダー（遥か流るる冬夏青青）","tw_event_owner":"草上飛（源遠流長冬夏青青）"},{"icon":"sp_264","jp_event_owner":"スイープトウショウ（気まぐれ絶佳）","tw_event_owner":"東商變革（難捉摸的絕色佳人）"},{"icon":"sp_263","jp_event_owner":"スペシャルウィーク（ハネ退け魔を退け願い込め）","tw_event_owner":"特別週（板羽球祈願消災解厄）"},{"icon":"sp_262","jp_event_owner":"ヤマニンゼファー（トレセン学園）","tw_event_owner":"山人西風（特雷森學園）"},{"icon":"sp_261","jp_event_owner":"テイエムオペラオー（偉大なるフォトグラフィーア）","tw_event_owner":"好歌劇（偉大的攝影師）"},{"icon":"sp_260","jp_event_owner":"ヤマニンゼファー（誰も知らない風へ）","tw_event_owner":"山人西風（化為無人知曉的烈風）"},{"icon":"sp_259","jp_event_owner":"サクラローレル（トレセン学園）","tw_event_owner":"櫻花桂冠（特雷森學園）"},{"icon":"sp_258","jp_event_owner":"サクラローレル（ここからはdontstop）","tw_event_owner":"櫻花桂冠（從現在開始dontstop）"},{"icon":"sp_257","jp_event_owner":"エアグルーヴ（areyoumerry）","tw_event_owner":"氣槽（areyoumerry）"},{"icon":"sp_256","jp_event_owner":"ナリタブライアン（gladtidings）","tw_event_owner":"成田白仁（gladtidings）"},{"icon":"sp_255","jp_event_owner":"ナリタトップロード（ストップ委員長）","tw_event_owner":"成田路（先停下來班長）"},{"icon":"sp_254","jp_event_owner":"エイシンフラッシュ（dankeschon）","tw_event_owner":"榮進閃耀（dankeschon）"},{"icon":"sp_253","jp_event_owner":"メジロアルダン（夜風に舞うは祈りの花）","tw_event_owner":"目白阿爾丹（隨夜風飛舞的祈願之花）"},{"icon":"sp_252","jp_event_owner":"ヤエノムテキ（天まで焦がせ祈りの火）","tw_event_owner":"八重無敵（焦灼天際的祈願之火）"},{"icon":"sp_251","jp_event_owner":"オグリキャップ（駆けよ駆けよ駆けよ）","tw_event_owner":"小栗帽（奔跑吧奔跑吧奔跑吧）"},{"icon":"sp_250","jp_event_owner":"タニノギムレット（トレセン学園）","tw_event_owner":"谷水琴蕾（特雷森學園）"},{"icon":"sp_249","jp_event_owner":"シンボリクリスエス（トレセン学園）","tw_event_owner":"克莉斯耶絲象徵（特雷森學園）"},{"icon":"sp_248","jp_event_owner":"ツルマルツヨシ（フレフレツヨシ）","tw_event_owner":"鶴丸強志（加油加油強志）"},{"icon":"sp_247","jp_event_owner":"シンボリクリスエス（awinforeshadowed）","tw_event_owner":"克莉斯耶絲象徵（awinforeshadowed）"},{"icon":"sp_246","jp_event_owner":"タニノギムレット（welcometoumayuru）","tw_event_owner":"谷水琴蕾（welcometoumayuru）"},{"icon":"sp_245","jp_event_owner":"シンコウウインディ（とびだせ恐怖の魔王軍）","tw_event_owner":"新光風（重磅登場恐怖的魔王軍）"},{"icon":"sp_244","jp_event_owner":"ダイタクヘリオス（お日さま天使ちゃん）","tw_event_owner":"大德太陽（陽光的小天使）"},{"icon":"sp_243","jp_event_owner":"メジロパーマー（月下の悪魔ちゃん）","tw_event_owner":"目白善信（月下的小惡魔）"},{"icon":"sp_242","jp_event_owner":"ケイエスミラクル（トレセン学園）","tw_event_owner":"喜嘉奇蹟（特雷森學園）"},{"icon":"sp_241","jp_event_owner":"ダイイチルビー（トレセン学園）","tw_event_owner":"第一紅寶（特雷森學園）"},{"icon":"sp_240","jp_event_owner":"ケイエスミラクル（the3rdmiracle）","tw_event_owner":"喜嘉奇蹟（the3rdmiracle）"},{"icon":"sp_239","jp_event_owner":"ダイイチルビー（嗚呼華麗ナル一族）","tw_event_owner":"第一紅寶（啊華麗一族）"},{"icon":"sp_238","jp_event_owner":"ビワハヤヒデ（ユークロニアアーキテクト）","tw_event_owner":"琵琶晨光（烏托邦設計師）"},{"icon":"sp_237","jp_event_owner":"ツインターボ（ttignition）","tw_event_owner":"雙渦輪（ttignition）"},{"icon":"sp_236","jp_event_owner":"トウカイテイオー（テイオーオーオー）","tw_event_owner":"東海帝皇（帝皇皇皇）"},{"icon":"sp_235","jp_event_owner":"ライトハロー（イベントプロデューサー）","tw_event_owner":"明亮光暈（活動製作人）"},{"icon":"sp_234","jp_event_owner":"ライトハロー（fromthegroundup）","tw_event_owner":"明亮光暈（fromthegroundup）"},{"icon":"sp_233","jp_event_owner":"アグネスタキオン（q0）","tw_event_owner":"愛麗速子（q0）"},{"icon":"sp_232","jp_event_owner":"ミホノブルボン（ume）","tw_event_owner":"美浦波旁（ume）"},{"icon":"sp_231","jp_event_owner":"セイウンスカイ（ゆるっとまにまに）","tw_event_owner":"青雲天空（慢慢地隨興地）"},{"icon":"sp_230","jp_event_owner":"マンハッタンカフェ（itsonthehouse）","tw_event_owner":"曼哈頓咖啡（itsonthehouse）"},{"icon":"sp_229","jp_event_owner":"サクラチヨノオー（チョベリグ心あれば桜心）","tw_event_owner":"櫻花千代王（有超讚心志就有櫻花心意）"},{"icon":"sp_228","jp_event_owner":"ナカヤマフェスタ（一天地六に身を任せ）","tw_event_owner":"中山慶典（縱情委身一天地六）"},{"icon":"sp_227","jp_event_owner":"マルゼンスキー（おセンチ注意報）","tw_event_owner":"丸善斯基（感傷警報）"},{"icon":"sp_226","jp_event_owner":"スペシャルウィーク（私たちと夢掴みましょう）","tw_event_owner":"特別週（和我們一起抓住夢想吧）"},{"icon":"sp_225","jp_event_owner":"ツルマルツヨシ（トレセン学園）","tw_event_owner":"鶴丸強志（特雷森學園）"},{"icon":"sp_224","jp_event_owner":"エルコンドルパサー（泥まみれのコンパネーロ）","tw_event_owner":"神鷹（渾身泥濘的夥伴）"},{"icon":"sp_223","jp_event_owner":"玉座に集いし者たち（尊尚親愛）","tw_event_owner":"齊聚於王座之人（尊崇敬愛）"},{"icon":"sp_222","jp_event_owner":"ゴールドシチー（金色を目指して）","tw_event_owner":"黃金城市（以金色為目標）"},{"icon":"sp_221","jp_event_owner":"エアグルーヴ（理想へ向かう青嵐）","tw_event_owner":"氣槽（邁向理想的薰風）"},{"icon":"sp_220","jp_event_owner":"ゼンノロブロイ（ロードナイトと夢の石）","tw_event_owner":"荒漠英雄（羅德奈特與夢之石）"},{"icon":"sp_219","jp_event_owner":"マチカネタンホイザ（マチタンアドベンチャー）","tw_event_owner":"待兼唐懷瑟（待唐大冒險）"},{"icon":"sp_218","jp_event_owner":"エルコンドルパサー（キラキラカケル）","tw_event_owner":"神鷹（光芒四射奔馳）"},{"icon":"sp_217","jp_event_owner":"オグリキャップ（好きなんだご飯が）","tw_event_owner":"小栗帽（真的好喜歡吃飯）"},{"icon":"sp_216","jp_event_owner":"タイキシャトル（handsupcrook）","tw_event_owner":"大樹快車（handsupcrook）"},{"icon":"sp_215","jp_event_owner":"ライスシャワー（あこがれの景色）","tw_event_owner":"米浴（嚮往的景色）"},{"icon":"sp_214","jp_event_owner":"イクノディクタス（愛すべき金蘭のつどい）","tw_event_owner":"生野狄杜斯（可愛的金蘭之交們）"},{"icon":"sp_213","jp_event_owner":"ハルウララ（うららかぱっしょん）","tw_event_owner":"春烏菈菈（烏菈菈之歌passion）"},{"icon":"sp_212","jp_event_owner":"ミスターシービー（トレセン学園）","tw_event_owner":"千明代表（特雷森學園）"},{"icon":"sp_211","jp_event_owner":"トウカイテイオー（stepsmilewink）","tw_event_owner":"東海帝皇（stepsmilewink）"},{"icon":"sp_210","jp_event_owner":"ミスターシービー（dearmrcb）","tw_event_owner":"千明代表（dearmrcb）"},{"icon":"sp_209","jp_event_owner":"カワカミプリンセス（フレフレプリンセス）","tw_event_owner":"川上公主（hurrayhurrayprincess）"},{"icon":"sp_208","jp_event_owner":"シーキングザパール（そのエールは世界を変えた）","tw_event_owner":"採珠（這個聲援改變了世界）"},{"icon":"sp_207","jp_event_owner":"バンブーメモリー（届けこのオモイ）","tw_event_owner":"青竹回憶（把這股意志傳出去吧）"},{"icon":"sp_206","jp_event_owner":"スイープトウショウ（おてんば魔女修行中）","tw_event_owner":"東商變革（淘氣魔女修行中）"},{"icon":"sp_205","jp_event_owner":"ダイワスカーレット（outfitasno1）","tw_event_owner":"大和赤驥（outfitasno1）"},{"icon":"sp_204","jp_event_owner":"スマートファルコン（ギリギリumadol）","tw_event_owner":"醒目飛鷹（挑戰極限賽馬娘偶像）"},{"icon":"sp_203","jp_event_owner":"エアシャカール（magcnumber）","tw_event_owner":"空中神宮（magcnumber）"},{"icon":"sp_202","jp_event_owner":"シリウスシンボリ（escorteetoile）","tw_event_owner":"天狼星象徵（escorteetoile）"},{"icon":"sp_201","jp_event_owner":"シンボリルドルフ（enchainement）","tw_event_owner":"魯道夫象徵（enchainement）"},{"icon":"sp_200","jp_event_owner":"チームシリウス（紡がれてゆく想い）","tw_event_owner":"隊伍天狼星（一起繼續創造的回憶）"},{"icon":"sp_199","jp_event_owner":"カレンチャン（ほっときゅーとメモリー）","tw_event_owner":"真機伶（溫暖心動回憶）"},{"icon":"sp_198","jp_event_owner":"マーベラスサンデー（世界にもっとマーベラス）","tw_event_owner":"美麗週日（讓世界更加美麗）"},{"icon":"sp_197","jp_event_owner":"ナリタトップロード（トレセン学園）","tw_event_owner":"成田路（特雷森學園）"},{"icon":"sp_196","jp_event_owner":"メジロブライト（トレセン学園）","tw_event_owner":"目白光明（特雷森學園）"},{"icon":"sp_195","jp_event_owner":"サクラバクシンオー（響け模範的あいさつ）","tw_event_owner":"櫻花驀進王（呼喊吧模範式問候）"},{"icon":"sp_194","jp_event_owner":"アドマイヤベガ（一等星を目指して）","tw_event_owner":"愛慕織姬（以一等星為目標）"},{"icon":"sp_193","jp_event_owner":"メジロライアン（鼓動が速まるクールダウン）","tw_event_owner":"目白雷恩（心跳加速的緩和運動）"},{"icon":"sp_192","jp_event_owner":"ナリタトップロード（桃色のバックショット）","tw_event_owner":"成田路（桃色的背影照）"},{"icon":"sp_191","jp_event_owner":"サトノダイヤモンド（specialdreamers）","tw_event_owner":"里見光鑽（specialdreamers）"},{"icon":"sp_190","jp_event_owner":"スペシャルウィーク（1日の終わりに）","tw_event_owner":"特別週（一天落幕之時）"},{"icon":"sp_189","jp_event_owner":"メジロブライト（リトルバイリトル）","tw_event_owner":"目白光明（littlebylittle）"},{"icon":"sp_188","jp_event_owner":"アイネスフウジン（頑張るキミに）","tw_event_owner":"艾尼風神（給努力的你）"},{"icon":"sp_187","jp_event_owner":"アグネスデジタル（そこにいる幸せ）","tw_event_owner":"愛麗數碼（同處的幸福）"},{"icon":"sp_186","jp_event_owner":"サクラバクシンオー（爆速最速花あらし）","tw_event_owner":"櫻花驀進王（爆快最快花之風暴）"},{"icon":"sp_185","jp_event_owner":"ニシノフラワー（小さなカップに想いをこめて）","tw_event_owner":"西野花（將思念裝進小小的杯中）"},{"icon":"sp_184","jp_event_owner":"トーセンジョーダン（inmyway）","tw_event_owner":"島川喬登（inmyway）"},{"icon":"sp_183","jp_event_owner":"安心沢刺々美（笹針師）","tw_event_owner":"安心澤刺刺美（竹針師）"},{"icon":"sp_182","jp_event_owner":"タマモクロス（これがウチらのいか焼きや）","tw_event_owner":"玉藻十字（這就是我們的魷魚燒）"},{"icon":"sp_181","jp_event_owner":"安心沢刺々美（ブスッといっとく）","tw_event_owner":"安心澤刺刺美（先來扎一針吧）"},{"icon":"sp_180","jp_event_owner":"メイショウドトウ（飛びも出ぬべき心地すれ）","tw_event_owner":null},{"icon":"sp_179","jp_event_owner":"アドマイヤベガ（トレセン学園）","tw_event_owner":"愛慕織姬（特雷森學園）"},{"icon":"sp_178","jp_event_owner":"マチカネフクキタル（袖振り合えば福となる）","tw_event_owner":"待兼福來（相逢就是福）"},{"icon":"sp_177","jp_event_owner":"アドマイヤベガ（夜に暁空に瑞星）","tw_event_owner":"愛慕織姬（夜之曙光天之祥星）"},{"icon":"sp_176","jp_event_owner":"サイレンススズカ（まだ見ぬ景色を求めて）","tw_event_owner":"無聲鈴鹿（尋覓不曾見過的景色）"},{"icon":"sp_175","jp_event_owner":"イナリワン（トレセン学園）","tw_event_owner":"稻荷一（特雷森學園）"},{"icon":"sp_174","jp_event_owner":"イナリワン（泥濘一笑真っつぐに）","tw_event_owner":"稻荷一（滿身泥濘仍微笑向前）"},{"icon":"sp_173","jp_event_owner":"マンハッタンカフェ（独奏螺旋追走曲）","tw_event_owner":"曼哈頓咖啡（獨奏螺旋卡農曲）"},{"icon":"sp_172","jp_event_owner":"マーベラスサンデー（スノウクリスタルデイ）","tw_event_owner":"美麗週日（雪晶之日）"},{"icon":"sp_171","jp_event_owner":"ナリタタイシン（いじっぱりのマルクト）","tw_event_owner":"成田大進（固執的市集）"},{"icon":"sp_170","jp_event_owner":"マヤノトップガン（フォーメーションparty）","tw_event_owner":"重砲（陣形party）"},{"icon":"sp_169","jp_event_owner":"ウオッカ（うるさい監視役）","tw_event_owner":"伏特加（囉嗦的監視者）"},{"icon":"sp_168","jp_event_owner":"ダイタクヘリオス（おどれさわげフェスれ）","tw_event_owner":"大德太陽（跳吧叫吧嗨起來吧）"},{"icon":"sp_167","jp_event_owner":"カレンチャン（トレセン学園）","tw_event_owner":"真機伶（特雷森學園）"},{"icon":"sp_166","jp_event_owner":"ユキノビジン（宵照らす奉納舞）","tw_event_owner":"雪之美人（照亮夜晚的酬神舞）"},{"icon":"sp_165","jp_event_owner":"ナリタブライアン（天嗤う鏑矢）","tw_event_owner":"成田白仁（傲天響箭）"},{"icon":"sp_164","jp_event_owner":"カレンチャン（かなし君うつくし君）","tw_event_owner":"真機伶（悲傷的妳美麗的妳）"},{"icon":"sp_163","jp_event_owner":"シリウスシンボリ（トレセン学園）","tw_event_owner":"天狼星象徵（特雷森學園）"},{"icon":"sp_162","jp_event_owner":"ナカヤマフェスタ（トレセン学園）","tw_event_owner":"中山慶典（特雷森學園）"},{"icon":"sp_161","jp_event_owner":"シリウスシンボリ（一等星は揺らがない）","tw_event_owner":"天狼星象徵（不容動搖的一等星）"},{"icon":"sp_160","jp_event_owner":"ナカヤマフェスタ（4381）","tw_event_owner":"中山慶典（4381）"},{"icon":"sp_159","jp_event_owner":"ミホノブルボン（幽霊さんとハロウィンの魔法）","tw_event_owner":"美浦波旁（幽靈小姐與萬聖節的魔法）"},{"icon":"sp_158","jp_event_owner":"ゼンノロブロイ（魔力授かりし英雄）","tw_event_owner":"荒漠英雄（天授魔力的英雄）"},{"icon":"sp_157","jp_event_owner":"タマモクロス（やったれハロウィンナイト）","tw_event_owner":"玉藻十字（萬聖夜大鬧一場吧）"},{"icon":"sp_156","jp_event_owner":"ファインモーション（grmaラーメン）","tw_event_owner":"美妙姿勢（grma拉麵）"},{"icon":"sp_155","jp_event_owner":"イクノディクタス（心と足元は温かく）","tw_event_owner":"生野狄杜斯（內心與雙腳都溫暖）"},{"icon":"sp_154","jp_event_owner":"樫本理子（トレセン学園）","tw_event_owner":"樫本理子（特雷森學園）"},{"icon":"sp_153","jp_event_owner":"樫本理子（徹底管理主義）","tw_event_owner":"樫本理子（徹底管理主義）"},{"icon":"sp_152","jp_event_owner":"ライスシャワー（幸せは曲がり角の向こう）","tw_event_owner":"米浴（走過轉角就是幸福）"},{"icon":"sp_151","jp_event_owner":"サイレンススズカ（winningdream）","tw_event_owner":"無聲鈴鹿（winningdream）"},{"icon":"sp_150","jp_event_owner":"トーセンジョーダン（トレセン学園）","tw_event_owner":"島川喬登（特雷森學園）"},{"icon":"sp_149","jp_event_owner":"トーセンジョーダン（nailonturf）","tw_event_owner":"島川喬登（nailonturf）"},{"icon":"sp_148","jp_event_owner":"ナイスネイチャ（願いまでは拭わない）","tw_event_owner":"優秀素質（不會連願望都抹去）"},{"icon":"sp_147","jp_event_owner":"ビワハヤヒデ（響き合うストレイン）","tw_event_owner":"琵琶晨光（合奏旋律）"},{"icon":"sp_146","jp_event_owner":"ダイワスカーレット（トライフルバケーション）","tw_event_owner":"大和赤驥（三倍甜蜜假期）"},{"icon":"sp_145","jp_event_owner":"ウイニングチケット（全力タントラムッッ）","tw_event_owner":"勝利獎券（全力翻轉）"},{"icon":"sp_144","jp_event_owner":"スイープトウショウ（ツメたいヒトリジメ）","tw_event_owner":"東商變革（冰冰涼涼由我獨占）"},{"icon":"sp_143","jp_event_owner":"ナリタブライアン（トレセン学園）","tw_event_owner":"成田白仁（特雷森學園）"},{"icon":"sp_142","jp_event_owner":"ツインターボ（集まってコンステレーション）","tw_event_owner":"雙渦輪（眾星齊聚）"},{"icon":"sp_141","jp_event_owner":"メジロアルダン（トレセン学園）","tw_event_owner":"目白阿爾丹（特雷森學園）"},{"icon":"sp_140","jp_event_owner":"メジロアルダン（その心に吹きすさぶ）","tw_event_owner":"目白阿爾丹（她心裡的暴風）"},{"icon":"sp_139","jp_event_owner":"メジロライアン（爽快ウイニングショット）","tw_event_owner":"目白雷恩（痛快決勝球）"},{"icon":"sp_138","jp_event_owner":"ナリタブライアン（twopieces）","tw_event_owner":"成田白仁（twopieces）"},{"icon":"sp_137","jp_event_owner":"ゴールドシップ（ウマ王伝説最強になった件）","tw_event_owner":"黃金船（uma王傳說登峰造極）"},{"icon":"sp_136","jp_event_owner":"キングヘイロー（今宵円舞曲にのせて）","tw_event_owner":"帝王光輝（今晚隨華爾滋起舞）"},{"icon":"sp_135","jp_event_owner":"セイウンスカイ（明日は全国的に赤でしょう）","tw_event_owner":"青雲天空（看來明天全國將染成一片鮮紅）"},{"icon":"sp_134","jp_event_owner":"ミホノブルボン（祝福はフーガ）","tw_event_owner":"美浦波旁（祝福就像賦格曲）"},{"icon":"sp_133","jp_event_owner":"シンコウウインディ（トレセン学園）","tw_event_owner":"新光風（特雷森學園）"},{"icon":"sp_132","jp_event_owner":"バンブーメモリー（トレセン学園）","tw_event_owner":"青竹回憶（特雷森學園）"},{"icon":"sp_131","jp_event_owner":"シンコウウインディ（warninggate）","tw_event_owner":null},{"icon":"sp_130","jp_event_owner":"バンブーメモリー（headonfight）","tw_event_owner":"青竹回憶（headonfight）"},{"icon":"sp_129","jp_event_owner":"メジロドーベル（おもいねがう）","tw_event_owner":"目白多伯（意志願望）"},{"icon":"sp_128","jp_event_owner":"ヒシアケボノ（トレセン学園）","tw_event_owner":"菱曙（特雷森學園）"},{"icon":"sp_127","jp_event_owner":"カワカミプリンセス（トレセン学園）","tw_event_owner":"川上公主（特雷森學園）"},{"icon":"sp_126","jp_event_owner":"ヒシアケボノ（召しませふぁーすとbite）","tw_event_owner":"菱曙（敬請享用第一口）"},{"icon":"sp_125","jp_event_owner":"カワカミプリンセス（花嫁たるもの）","tw_event_owner":"川上公主（身為新娘）"},{"icon":"sp_124","jp_event_owner":"トウカイテイオー（ふたつのノーブルライト）","tw_event_owner":"東海帝皇（兩道高貴之光）"},{"icon":"sp_123","jp_event_owner":"シーキングザパール（トレセン学園）","tw_event_owner":"採珠（特雷森學園）"},{"icon":"sp_122","jp_event_owner":"サクラチヨノオー（トレセン学園）","tw_event_owner":"櫻花千代王（特雷森學園）"},{"icon":"sp_121","jp_event_owner":"シーキングザパール（世界の真珠その名は）","tw_event_owner":"採珠（世界的珍珠其名為）"},{"icon":"sp_120","jp_event_owner":"サクラチヨノオー（今ぞ盛りのさくら花）","tw_event_owner":"櫻花千代王（正值盛開的櫻花）"},{"icon":"sp_119","jp_event_owner":"ゼンノロブロイ（トレセン学園）","tw_event_owner":"荒漠英雄（特雷森學園）"},{"icon":"sp_118","jp_event_owner":"ヤエノムテキ（トレセン学園）","tw_event_owner":"八重無敵（特雷森學園）"},{"icon":"sp_117","jp_event_owner":"ゼンノロブロイ（おすすめ本あります）","tw_event_owner":"荒漠英雄（我推薦這幾本書）"},{"icon":"sp_116","jp_event_owner":"ヤエノムテキ（押して忍べど燃ゆるもの）","tw_event_owner":"八重無敵（令我靜靜燃燒努力的事物）"},{"icon":"sp_115","jp_event_owner":"ウイニングチケット（夢はホントに叶うんだ）","tw_event_owner":"勝利獎券（夢想真的會實現）"},{"icon":"sp_114","jp_event_owner":"ニシノフラワー（あなたにささげる）","tw_event_owner":"西野花（將雛菊獻給妳）"},{"icon":"sp_113","jp_event_owner":"ユキノビジン（ふるさと直送エール）","tw_event_owner":"雪之美人（由故鄉直達的聲援）"},{"icon":"sp_112","jp_event_owner":"マチカネタンホイザ（トレセン学園）","tw_event_owner":"待兼唐懷瑟（特雷森學園）"},{"icon":"sp_111","jp_event_owner":"サトノダイヤモンド（トレセン学園）","tw_event_owner":"里見光鑽（特雷森學園）"},{"icon":"sp_110","jp_event_owner":"キタサンブラック（トレセン学園）","tw_event_owner":"北部玄駒（特雷森學園）"},{"icon":"sp_109","jp_event_owner":"サトノダイヤモンド（その背中を越えて）","tw_event_owner":"里見光鑽（超越那個背影）"},{"icon":"sp_108","jp_event_owner":"キタサンブラック（迫る熱に押されて）","tw_event_owner":"北部玄駒（被逼近的熱情推著）"},{"icon":"sp_107","jp_event_owner":"ナイスネイチャ（むじゃむじゃむじゃき）","tw_event_owner":"優秀素質（天真天真天真無邪）"},{"icon":"sp_106","jp_event_owner":"マチカネタンホイザ（justkeepgoing）","tw_event_owner":"待兼唐懷瑟（justkeepgoing）"},{"icon":"sp_105","jp_event_owner":"イクノディクタス（トレセン学園）","tw_event_owner":"生野狄杜斯（特雷森學園）"},{"icon":"sp_104","jp_event_owner":"メジロパーマー（トレセン学園）","tw_event_owner":"目白善信（特雷森學園）"},{"icon":"sp_103","jp_event_owner":"イクノディクタス（準備運動は怠るべからず）","tw_event_owner":"生野狄杜斯（熱身運動不可以偷懶）"},{"icon":"sp_102","jp_event_owner":"メジロパーマー（バカと笑え）","tw_event_owner":"目白善信（與笨蛋一起笑）"},{"icon":"sp_101","jp_event_owner":"ダイタクヘリオス（トレセン学園）","tw_event_owner":"大德太陽（特雷森學園）"},{"icon":"sp_100","jp_event_owner":"ツインターボ（トレセン学園）","tw_event_owner":"雙渦輪（特雷森學園）"},{"icon":"sp_99","jp_event_owner":"ダイタクヘリオス（パリピぱーりないと）","tw_event_owner":"大德太陽（派對玩咖與派對之夜）"},{"icon":"sp_98","jp_event_owner":"ツインターボ（ターボエンジン全開宣言）","tw_event_owner":"雙渦輪（渦輪引擎全開宣言）"},{"icon":"sp_97","jp_event_owner":"スペシャルウィーク（夕焼けはあこがれの色）","tw_event_owner":"特別週（夕陽是嚮往的顏色）"},{"icon":"sp_96","jp_event_owner":"スイープトウショウ（トレセン学園）","tw_event_owner":"東商變革（特雷森學園）"},{"icon":"sp_95","jp_event_owner":"スイープトウショウ（見習い魔女と長い夜）","tw_event_owner":"東商變革（見習魔女與漫漫長夜）"},{"icon":"sp_94","jp_event_owner":"オグリキャップ（愛してもらうんだぞ）","tw_event_owner":"小栗帽（要獲得疼愛唷）"},{"icon":"sp_93","jp_event_owner":"ライスシャワー（幸せが舞う時）","tw_event_owner":"米浴（幸福舞落時）"},{"icon":"sp_92","jp_event_owner":"メジロマックイーン（エースとして）","tw_event_owner":"目白麥昆（身為王牌）"},{"icon":"sp_91","jp_event_owner":"ハルウララ（うららな休日）","tw_event_owner":"春烏菈菈（烏菈菈的假日）"},{"icon":"sp_90","jp_event_owner":"フジキセキ（トレセン学園）","tw_event_owner":"富士奇石（特雷森學園）"},{"icon":"sp_89","jp_event_owner":"キングヘイロー（トレセン学園）","tw_event_owner":"帝王光輝（特雷森學園）"},{"icon":"sp_88","jp_event_owner":"ナイスネイチャ（トレセン学園）","tw_event_owner":"優秀素質（特雷森學園）"},{"icon":"sp_87","jp_event_owner":"メジロドーベル（トレセン学園）","tw_event_owner":"目白多伯（特雷森學園）"},{"icon":"sp_86","jp_event_owner":"メイショウドトウ（トレセン学園）","tw_event_owner":"名將怒濤（特雷森學園）"},{"icon":"sp_85","jp_event_owner":"マチカネフクキタル（トレセン学園）","tw_event_owner":"待兼福來（特雷森學園）"},{"icon":"sp_84","jp_event_owner":"マーベラスサンデー（トレセン学園）","tw_event_owner":"美麗週日（特雷森學園）"},{"icon":"sp_83","jp_event_owner":"ビコーペガサス（トレセン学園）","tw_event_owner":"微光飛駒（特雷森學園）"},{"icon":"sp_82","jp_event_owner":"ニシノフラワー（トレセン学園）","tw_event_owner":"西野花（特雷森學園）"},{"icon":"sp_81","jp_event_owner":"ナリタタイシン（トレセン学園）","tw_event_owner":"成田大進（特雷森學園）"},{"icon":"sp_80","jp_event_owner":"スマートファルコン（トレセン学園）","tw_event_owner":"醒目飛鷹（特雷森學園）"},{"icon":"sp_79","jp_event_owner":"エイシンフラッシュ（トレセン学園）","tw_event_owner":"榮進閃耀（特雷森學園）"},{"icon":"sp_78","jp_event_owner":"エアシャカール（トレセン学園）","tw_event_owner":"空中神宮（特雷森學園）"},{"icon":"sp_77","jp_event_owner":"アグネスタキオン（トレセン学園）","tw_event_owner":"愛麗速子（特雷森學園）"},{"icon":"sp_76","jp_event_owner":"アイネスフウジン（トレセン学園）","tw_event_owner":"艾尼風神（特雷森學園）"},{"icon":"sp_75","jp_event_owner":"ユキノビジン（トレセン学園）","tw_event_owner":"雪之美人（特雷森學園）"},{"icon":"sp_74","jp_event_owner":"メジロライアン（トレセン学園）","tw_event_owner":"目白雷恩（特雷森學園）"},{"icon":"sp_73","jp_event_owner":"ミホノブルボン（トレセン学園）","tw_event_owner":"美浦波旁（特雷森學園）"},{"icon":"sp_72","jp_event_owner":"マンハッタンカフェ（トレセン学園）","tw_event_owner":"曼哈頓咖啡（特雷森學園）"},{"icon":"sp_71","jp_event_owner":"マヤノトップガン（トレセン学園）","tw_event_owner":"重砲（特雷森學園）"},{"icon":"sp_70","jp_event_owner":"ビワハヤヒデ（トレセン学園）","tw_event_owner":"琵琶晨光（特雷森學園）"},{"icon":"sp_69","jp_event_owner":"ファインモーション（トレセン学園）","tw_event_owner":"美妙姿勢（特雷森學園）"},{"icon":"sp_68","jp_event_owner":"タマモクロス（トレセン学園）","tw_event_owner":"玉藻十字（特雷森學園）"},{"icon":"sp_67","jp_event_owner":"アグネスデジタル（トレセン学園）","tw_event_owner":"愛麗數碼（特雷森學園）"},{"icon":"sp_66","jp_event_owner":"エアグルーヴ（トレセン学園）","tw_event_owner":"氣槽（特雷森學園）"},{"icon":"sp_65","jp_event_owner":"ヒシアマゾン（トレセン学園）","tw_event_owner":"菱亞馬遜（特雷森學園）"},{"icon":"sp_64","jp_event_owner":"ダイワスカーレット（トレセン学園）","tw_event_owner":"大和赤驥（特雷森學園）"},{"icon":"sp_63","jp_event_owner":"桐生院葵（トレセン学園）","tw_event_owner":"桐生院葵（特雷森學園）"},{"icon":"sp_62","jp_event_owner":"駿川たづな（トレセン学園）","tw_event_owner":"駿川手綱（特雷森學園）"},{"icon":"sp_61","jp_event_owner":"ハルウララ（トレセン学園）","tw_event_owner":"春烏菈菈（特雷森學園）"},{"icon":"sp_60","jp_event_owner":"スーパークリーク（トレセン学園）","tw_event_owner":"超級小溪（特雷森學園）"},{"icon":"sp_59","jp_event_owner":"サクラバクシンオー（トレセン学園）","tw_event_owner":"櫻花驀進王（特雷森學園）"},{"icon":"sp_58","jp_event_owner":"ゴールドシチー（トレセン学園）","tw_event_owner":"黃金城市（特雷森學園）"},{"icon":"sp_57","jp_event_owner":"ウイニングチケット（トレセン学園）","tw_event_owner":"勝利獎券（特雷森學園）"},{"icon":"sp_56","jp_event_owner":"ライスシャワー（トレセン学園）","tw_event_owner":"米浴（特雷森學園）"},{"icon":"sp_55","jp_event_owner":"セイウンスカイ（トレセン学園）","tw_event_owner":"青雲天空（特雷森學園）"},{"icon":"sp_54","jp_event_owner":"シンボリルドルフ（トレセン学園）","tw_event_owner":"魯道夫象徵（特雷森學園）"},{"icon":"sp_53","jp_event_owner":"テイエムオペラオー（トレセン学園）","tw_event_owner":"好歌劇（特雷森學園）"},{"icon":"sp_52","jp_event_owner":"エルコンドルパサー（トレセン学園）","tw_event_owner":"神鷹（特雷森學園）"},{"icon":"sp_51","jp_event_owner":"メジロマックイーン（トレセン学園）","tw_event_owner":"目白麥昆（特雷森學園）"},{"icon":"sp_50","jp_event_owner":"グラスワンダー（トレセン学園）","tw_event_owner":"草上飛（特雷森學園）"},{"icon":"sp_49","jp_event_owner":"タイキシャトル（トレセン学園）","tw_event_owner":"大樹快車（特雷森學園）"},{"icon":"sp_48","jp_event_owner":"ウオッカ（トレセン学園）","tw_event_owner":"伏特加（特雷森學園）"},{"icon":"sp_47","jp_event_owner":"ゴールドシップ（トレセン学園）","tw_event_owner":"黃金船（特雷森學園）"},{"icon":"sp_46","jp_event_owner":"オグリキャップ（トレセン学園）","tw_event_owner":"小栗帽（特雷森學園）"},{"icon":"sp_45","jp_event_owner":"マルゼンスキー（トレセン学園）","tw_event_owner":"丸善斯基（特雷森學園）"},{"icon":"sp_44","jp_event_owner":"トウカイテイオー（トレセン学園）","tw_event_owner":"東海帝皇（特雷森學園）"},{"icon":"sp_43","jp_event_owner":"サイレンススズカ（トレセン学園）","tw_event_owner":"無聲鈴鹿（特雷森學園）"},{"icon":"sp_42","jp_event_owner":"スペシャルウィーク（トレセン学園）","tw_event_owner":"特別週（特雷森學園）"},{"icon":"sp_41","jp_event_owner":"桐生院葵（共に同じ道を）","tw_event_owner":"桐生院葵（一起朝相同的目標）"},{"icon":"sp_40","jp_event_owner":"キングヘイロー（一流プランニング）","tw_event_owner":"帝王光輝（一流的計畫）"},{"icon":"sp_39","jp_event_owner":"ナイスネイチャ（ただの水滴ですって）","tw_event_owner":"優秀素質（就說了只不過是水滴）"},{"icon":"sp_38","jp_event_owner":"メジロドーベル（目線は気にせず）","tw_event_owner":"目白多伯（不在意視線）"},{"icon":"sp_37","jp_event_owner":"メイショウドトウ（幸せと背中合わせ）","tw_event_owner":"名將怒濤（與幸福背靠背）"},{"icon":"sp_36","jp_event_owner":"マチカネフクキタル（運の行方）","tw_event_owner":"待兼福來（運勢的走向）"},{"icon":"sp_35","jp_event_owner":"マーベラスサンデー（マーベラス大作戦）","tw_event_owner":"美麗週日（美麗大作戰）"},{"icon":"sp_34","jp_event_owner":"ナリタタイシン（波立つキモチ）","tw_event_owner":"成田大進（波動的情緒）"},{"icon":"sp_33","jp_event_owner":"エイシンフラッシュ（0500定刻通り）","tw_event_owner":"榮進閃耀（0500準時起床）"},{"icon":"sp_32","jp_event_owner":"アグネスタキオン（生体aに関する実験的研究）","tw_event_owner":"愛麗速子（關於活體a的實驗性研究）"},{"icon":"sp_31","jp_event_owner":"ユキノビジン（シチーガール入門）","tw_event_owner":"雪之美人（都市女孩入門）"},{"icon":"sp_30","jp_event_owner":"メジロライアン（鍛えて応えて）","tw_event_owner":"目白雷恩（努力鍛鍊回應聲援）"},{"icon":"sp_29","jp_event_owner":"ミホノブルボン（鍛えぬくトモ）","tw_event_owner":"美浦波旁（充分鍛鍊的臀腿）"},{"icon":"sp_28","jp_event_owner":"マンハッタンカフェ（雨の独奏私の独創）","tw_event_owner":"曼哈頓咖啡（雨的獨奏我的獨創）"},{"icon":"sp_27","jp_event_owner":"マヤノトップガン（カワイイカワイイは）","tw_event_owner":"重砲（可愛可愛等於）"},{"icon":"sp_26","jp_event_owner":"ビワハヤヒデ（検証開始）","tw_event_owner":"琵琶晨光（驗證開始）"},{"icon":"sp_25","jp_event_owner":"アグネスデジタル（デジタル充電中）","tw_event_owner":"愛麗數碼（數碼充電中）"},{"icon":"sp_24","jp_event_owner":"エアグルーヴ（副会長の一刺し）","tw_event_owner":"氣槽（副會長的一喝）"},{"icon":"sp_23","jp_event_owner":"ヒシアマゾン（テッペンに立て）","tw_event_owner":"菱亞馬遜（登上巔峰）"},{"icon":"sp_22","jp_event_owner":"ダイワスカーレット（努力は裏切らない）","tw_event_owner":"大和赤驥（努力不會背叛自己的）"},{"icon":"sp_21","jp_event_owner":"フジキセキ（やれやれお帰り）","tw_event_owner":"富士奇石（哎呀呀終於回來了）"},{"icon":"sp_20","jp_event_owner":"駿川たづな（ようこそトレセン学園へ）","tw_event_owner":"駿川手綱（歡迎來到特雷森學園）"},{"icon":"sp_19","jp_event_owner":"ビコーペガサス（必殺wキャロットパンチ）","tw_event_owner":"微光飛駒（必殺雙胡蘿蔔拳）"},{"icon":"sp_18","jp_event_owner":"ニシノフラワー（まだ小さな蕾でも）","tw_event_owner":"西野花（雖然還只是個小小花苞）"},{"icon":"sp_17","jp_event_owner":"スマートファルコン（これが私のウマドル道）","tw_event_owner":"醒目飛鷹（這就是我的賽馬娘偶像之道）"},{"icon":"sp_16","jp_event_owner":"スーパークリーク（一粒の安らぎ）","tw_event_owner":"超級小溪（一顆的安適感）"},{"icon":"sp_15","jp_event_owner":"サクラバクシンオー（はやいうまいはやい）","tw_event_owner":"櫻花驀進王（好快好吃好快）"},{"icon":"sp_14","jp_event_owner":"ゴールドシチー（runmyway）","tw_event_owner":"黃金城市（runmyway）"},{"icon":"sp_13","jp_event_owner":"エアシャカール（7センチの先へ）","tw_event_owner":"空中神宮（往7公分的前方）"},{"icon":"sp_12","jp_event_owner":"ウイニングチケット（bnwinner）","tw_event_owner":"勝利獎券（bnwinner）"},{"icon":"sp_11","jp_event_owner":"アイネスフウジン（飛び出せキラメケ）","tw_event_owner":"艾尼風神（閃耀地飛身而出）"},{"icon":"sp_10","jp_event_owner":"ファインモーション（感謝は指先まで込めて）","tw_event_owner":"美妙姿勢（滿溢的感謝之情）"},{"icon":"sp_9","jp_event_owner":"タマモクロス（天をも切り裂くイナズマ娘）","tw_event_owner":"玉藻十字（劈開天際的閃電娘）"},{"icon":"sp_8","jp_event_owner":"セイウンスカイ（待望の大謀）","tw_event_owner":"青雲天空（等待已久的大計謀）"},{"icon":"sp_7","jp_event_owner":"エルコンドルパサー（パッションチャンピオーナ）","tw_event_owner":"神鷹（狂熱冠軍）"},{"icon":"sp_6","jp_event_owner":"グラスワンダー（千紫万紅にまぎれぬ一凛）","tw_event_owner":"草上飛（千紫萬紅中挺然的一朵）"},{"icon":"sp_5","jp_event_owner":"ウオッカ（ロードオブウオッカ）","tw_event_owner":"伏特加（伏特加之道）"},{"icon":"sp_4","jp_event_owner":"ゴールドシップ（不沈艦の進撃）","tw_event_owner":"黃金船（不沉戰艦的進擊）"},{"icon":"sp_3","jp_event_owner":"トウカイテイオー（夢は掲げるものなのだっ）","tw_event_owner":"東海帝皇（夢想就是要大聲說出來）"},{"icon":"sp_2","jp_event_owner":"サイレンススズカ（輝く景色のその先に）","tw_event_owner":"無聲鈴鹿（朝向輝煌景色的前方）"},{"icon":"sp_1","jp_event_owner":"スペシャルウィーク（日本一のステージを）","tw_event_owner":"特別週（站上日本第一的舞台）"}]